DoctorID,DoctorName,Specialization,DoctorContact
100,Thalia,Emergency Medicine,.@yopmail.com
101,Jinny,Surgery,.@yopmail.com
102,Mireielle,Allergists,.@yopmail.com
103,Elie,Endocrinologist,.@yopmail.com
104,Cacilie,Emergency Medicine,.@yopmail.com
105,Caritta,Allergists,.@yopmail.com
106,Lynea,Emergency Medicine,.@yopmail.com
107,Constance,Geriatrician,.@yopmail.com
108,Aigneis,Cardiology,.@yopmail.com
109,Addia,Surgery,.@yopmail.com
110,Maud,Cardiology,.@yopmail.com
111,Olivette,Endocrinologist,.@yopmail.com
112,Josephine,Pediatrics,.@yopmail.com
113,Shaylyn,Radiology,.@yopmail.com
114,Rubie,Infectious disease,.@yopmail.com
115,Berta,Radiology,.@yopmail.com
116,Ronna,Endocrinologist,.@yopmail.com
117,Joeann,Nephrology,.@yopmail.com
118,Shell,Infectious disease,.@yopmail.com
119,Dale,Anesthesiology,.@yopmail.com
120,Karena,Otolaryngologists,.@yopmail.com
121,Moyna,Surgery,.@yopmail.com
122,Alex,Dermatology,.@yopmail.com
123,Rhea,Anesthesiology,.@yopmail.com
124,Lita,Otolaryngologists,.@yopmail.com
125,Valera,Geriatrician,.@yopmail.com
126,Vanessa,Otolaryngologists,.@yopmail.com
127,Flory,Nephrology,.@yopmail.com
128,Lanna,Hospice and Palliative Care,.@yopmail.com
129,Lilith,Dermatology,.@yopmail.com
130,Steffane,Nephrology,.@yopmail.com
131,Quintina,Anesthesiology,.@yopmail.com
132,Max,Otolaryngologists,.@yopmail.com
133,Ninnetta,Pulmonologists,.@yopmail.com
134,Marleah,Gastroenterology,.@yopmail.com
135,Fernande,Ophthalmology,.@yopmail.com
136,Kara-Lynn,Radiology,.@yopmail.com
137,Pollyanna,Pulmonologists,.@yopmail.com
138,Aurelie,Gastroenterology,.@yopmail.com
139,Ana,Allergists,.@yopmail.com
140,Adelle,Internists,.@yopmail.com
141,Cyndie,Pediatrics,.@yopmail.com
142,Gilligan,Surgery,.@yopmail.com
143,Veda,Ophthalmology,.@yopmail.com
144,Nita,Geriatrician,.@yopmail.com
145,Rosaline,Pulmonologists,.@yopmail.com
146,Aurelie,Surgery,.@yopmail.com
147,Mureil,Surgery,.@yopmail.com
148,Dennie,Internists,.@yopmail.com
149,Harrietta,Anesthesiology,.@yopmail.com
150,Felice,Infectious disease,.@yopmail.com
151,Rebeca,Critical Care Medicine,.@yopmail.com
152,Kerrin,Geriatrician,.@yopmail.com
153,Joeann,Otolaryngologists,.@yopmail.com
154,Shaylyn,Ophthalmology,.@yopmail.com
155,Gusella,Neurology,.@yopmail.com
156,Joeann,Radiology,.@yopmail.com
157,Consuela,Oncologist,.@yopmail.com
158,Krystle,Obstetric Anesthesiologists,.@yopmail.com
159,Karly,Internists,.@yopmail.com
160,Chastity,Radiology,.@yopmail.com
161,Leanna,Pulmonologists,.@yopmail.com
162,Alleen,Pulmonologists,.@yopmail.com
163,Claudina,Infectious disease,.@yopmail.com
164,Jinny,Emergency Medicine,.@yopmail.com
165,Mellicent,Infectious disease,.@yopmail.com
166,Quintina,Oncologist,.@yopmail.com
167,Belinda,Gastroenterology,.@yopmail.com
168,Chere,Nephrology,.@yopmail.com
169,Shauna,Surgery,.@yopmail.com
170,Codie,Otolaryngologists,.@yopmail.com
171,Georgetta,Infectious disease,.@yopmail.com
172,Jolyn,Gastroenterology,.@yopmail.com
173,Shel,Hospice and Palliative Care,.@yopmail.com
174,Beth,Geriatrician,.@yopmail.com
175,Tiffie,Otolaryngologists,.@yopmail.com
176,Candi,Critical Care Medicine,.@yopmail.com
177,Nataline,Emergency Medicine,.@yopmail.com
178,Alyssa,Emergency Medicine,.@yopmail.com
179,Monika,Psychiatry,.@yopmail.com
180,Deane,Anesthesiology,.@yopmail.com
181,Mellicent,Otolaryngologists,.@yopmail.com
182,Maud,Gastroenterology,.@yopmail.com
183,Quintina,Oncologist,.@yopmail.com
184,Meriel,Radiology,.@yopmail.com
185,Charissa,Oncologist,.@yopmail.com
186,Bobinette,Oncologist,.@yopmail.com
187,Shaylyn,Emergency Medicine,.@yopmail.com
188,Petronia,Anesthesiology,.@yopmail.com
189,Justinn,Psychiatry,.@yopmail.com
190,Rivalee,Psychiatry,.@yopmail.com
191,Britte,Pulmonologists,.@yopmail.com
192,Nessie,Neurology,.@yopmail.com
193,Belva,Otolaryngologists,.@yopmail.com
194,Shauna,Psychiatry,.@yopmail.com
195,Janenna,Radiology,.@yopmail.com
196,Elmira,Oncologist,.@yopmail.com
197,Clementine,Cardiology,.@yopmail.com
198,Sidoney,Radiology,.@yopmail.com
199,Shaine,Anesthesiology,.@yopmail.com
200,Dorice,Otolaryngologists,.@yopmail.com
201,Max,Family Medicine,.@yopmail.com
202,Margette,Cardiology,.@yopmail.com
203,Cam,Internists,.@yopmail.com
204,Britte,Neurology,.@yopmail.com
205,Phedra,Surgery,.@yopmail.com
206,Valli,Neurology,.@yopmail.com
207,Florie,Surgery,.@yopmail.com
208,Silvana,Allergists,.@yopmail.com
209,Ofilia,Pulmonologists,.@yopmail.com
210,Stephanie,Nephrology,.@yopmail.com
211,Carmencita,Pediatrics,.@yopmail.com
212,Tilly,Cardiology,.@yopmail.com
213,Fred,Surgery,.@yopmail.com
214,Di,Pulmonologists,.@yopmail.com
215,Karlee,Otolaryngologists,.@yopmail.com
216,Verla,Psychiatry,.@yopmail.com
217,Kore,Infectious disease,.@yopmail.com
218,Dyann,Cardiology,.@yopmail.com
219,Rayna,Otolaryngologists,.@yopmail.com
220,Nicoli,Oncologist,.@yopmail.com
221,Dorene,Nephrology,.@yopmail.com
222,Sidoney,Hospice and Palliative Care,.@yopmail.com
223,Gretal,Neurology,.@yopmail.com
224,Donetta,Emergency Medicine,.@yopmail.com
225,Celestyna,Cardiology,.@yopmail.com
226,Vanessa,Internists,.@yopmail.com
227,Carree,Geriatrician,.@yopmail.com
228,Estell,Emergency Medicine,.@yopmail.com
229,Carly,Emergency Medicine,.@yopmail.com
230,Daryl,Surgery,.@yopmail.com
231,Zia,Emergency Medicine,.@yopmail.com
232,Zia,Family Medicine,.@yopmail.com
233,Konstance,Gastroenterology,.@yopmail.com
234,Sam,Dermatology,.@yopmail.com
235,Dorene,Emergency Medicine,.@yopmail.com
236,Minda,Obstetric Anesthesiologists,.@yopmail.com
237,Cyndie,Cardiology,.@yopmail.com
238,Millie,Neurology,.@yopmail.com
239,Magdalena,Surgery,.@yopmail.com
240,Dagmar,Internists,.@yopmail.com
241,Mallory,Hospice and Palliative Care,.@yopmail.com
242,Krystle,Nephrology,.@yopmail.com
243,Althea,Gastroenterology,.@yopmail.com
244,Ida,Family Medicine,.@yopmail.com
245,Tani,Geriatrician,.@yopmail.com
246,Mariann,Radiology,.@yopmail.com
247,Morganica,Radiology,.@yopmail.com
248,Glenda,Neurology,.@yopmail.com
249,Darlleen,Emergency Medicine,.@yopmail.com
250,Emma,Critical Care Medicine,.@yopmail.com
251,Suzette,Cardiology,.@yopmail.com
252,Patricia,Family Medicine,.@yopmail.com
253,Cathie,Allergists,.@yopmail.com
254,Frieda,Internists,.@yopmail.com
255,Merci,Allergists,.@yopmail.com
256,Blondelle,Gastroenterology,.@yopmail.com
257,Edith,Surgery,.@yopmail.com
258,Arlena,Family Medicine,.@yopmail.com
259,Mahalia,Surgery,.@yopmail.com
260,Margalo,Infectious disease,.@yopmail.com
261,Jerry,Critical Care Medicine,.@yopmail.com
262,Nyssa,Internists,.@yopmail.com
263,Laurene,Oncologist,.@yopmail.com
264,Ursulina,Nephrology,.@yopmail.com
265,Nataline,Family Medicine,.@yopmail.com
266,Morganica,Pediatrics,.@yopmail.com
267,Quintina,Anesthesiology,.@yopmail.com
268,Moyna,Cardiology,.@yopmail.com
269,Harmonia,Nephrology,.@yopmail.com
270,Inga,Hospice and Palliative Care,.@yopmail.com
271,Carlie,Dermatology,.@yopmail.com
272,Constance,Dermatology,.@yopmail.com
273,Joeann,Cardiology,.@yopmail.com
274,Elvira,Endocrinologist,.@yopmail.com
275,Dorthy,Gastroenterology,.@yopmail.com
276,Kylynn,Gastroenterology,.@yopmail.com
277,Maye,Pulmonologists,.@yopmail.com
278,Lanna,Radiology,.@yopmail.com
279,Adele,Cardiology,.@yopmail.com
280,Joelly,Ophthalmology,.@yopmail.com
281,Sophia,Nephrology,.@yopmail.com
282,Jerry,Psychiatry,.@yopmail.com
283,Tera,Pulmonologists,.@yopmail.com
284,Demetris,Emergency Medicine,.@yopmail.com
285,Demetris,Emergency Medicine,.@yopmail.com
286,Cathyleen,Family Medicine,.@yopmail.com
287,Emmey,Endocrinologist,.@yopmail.com
288,Kate,Pulmonologists,.@yopmail.com
289,Cacilie,Otolaryngologists,.@yopmail.com
290,Brooks,Allergists,.@yopmail.com
291,Nikki,Oncologist,.@yopmail.com
292,Cyb,Ophthalmology,.@yopmail.com
293,Ardeen,Neurology,.@yopmail.com
294,Fawne,Ophthalmology,.@yopmail.com
295,Damaris,Neurology,.@yopmail.com
296,Danny,Allergists,.@yopmail.com
297,Nelle,Endocrinologist,.@yopmail.com
298,Aubrie,Neurology,.@yopmail.com
299,Chere,Internists,.@yopmail.com
300,Zondra,Radiology,.@yopmail.com
301,Cyndie,Oncologist,.@yopmail.com
302,Cherilyn,Oncologist,.@yopmail.com
303,Ketti,Oncologist,.@yopmail.com
304,Lila,Surgery,.@yopmail.com
305,Adore,Endocrinologist,.@yopmail.com
306,Gabriellia,Internists,.@yopmail.com
307,Arlina,Radiology,.@yopmail.com
308,Ida,Infectious disease,.@yopmail.com
309,Frank,Endocrinologist,.@yopmail.com
310,Dominga,Radiology,.@yopmail.com
311,Tierney,Cardiology,.@yopmail.com
312,Bernie,Anesthesiology,.@yopmail.com
313,Gusella,Pulmonologists,.@yopmail.com
314,Almeta,Allergists,.@yopmail.com
315,Brandise,Cardiology,.@yopmail.com
316,Arlena,Allergists,.@yopmail.com
317,Roxane,Endocrinologist,.@yopmail.com
318,Sherrie,Infectious disease,.@yopmail.com
319,Christy,Nephrology,.@yopmail.com
320,Georgina,Geriatrician,.@yopmail.com
321,Lindie,Nephrology,.@yopmail.com
322,Glynnis,Neurology,.@yopmail.com
323,Sybille,Pediatrics,.@yopmail.com
324,Kimmy,Gastroenterology,.@yopmail.com
325,Ernesta,Nephrology,.@yopmail.com
326,Corina,Pulmonologists,.@yopmail.com
327,Betta,Anesthesiology,.@yopmail.com
328,Shel,Ophthalmology,.@yopmail.com
329,Gloria,Endocrinologist,.@yopmail.com
330,Deloria,Otolaryngologists,.@yopmail.com
331,Christal,Oncologist,.@yopmail.com
332,Heddie,Psychiatry,.@yopmail.com
333,Atlanta,Infectious disease,.@yopmail.com
334,Anallese,Endocrinologist,.@yopmail.com
335,Natka,Neurology,.@yopmail.com
336,Jinny,Neurology,.@yopmail.com
337,Valli,Radiology,.@yopmail.com
338,Orelia,Gastroenterology,.@yopmail.com
339,Chickie,Internists,.@yopmail.com
340,Romona,Surgery,.@yopmail.com
341,Leeanne,Radiology,.@yopmail.com
342,Deedee,Surgery,.@yopmail.com
343,Taffy,Neurology,.@yopmail.com
344,Sashenka,Pediatrics,.@yopmail.com
345,Ardeen,Pulmonologists,.@yopmail.com
346,Brandise,Internists,.@yopmail.com
347,Sheelagh,Infectious disease,.@yopmail.com
348,Camile,Oncologist,.@yopmail.com
349,Olivette,Emergency Medicine,.@yopmail.com
350,Aurore,Gastroenterology,.@yopmail.com
351,Maryellen,Family Medicine,.@yopmail.com
352,Alyssa,Geriatrician,.@yopmail.com
353,Phedra,Dermatology,.@yopmail.com
354,Dorthy,Pediatrics,.@yopmail.com
355,Coral,Anesthesiology,.@yopmail.com
356,Jacquetta,Psychiatry,.@yopmail.com
357,Modestia,Anesthesiology,.@yopmail.com
358,Edee,Geriatrician,.@yopmail.com
359,Ofilia,Endocrinologist,.@yopmail.com
360,Estell,Otolaryngologists,.@yopmail.com
361,Jaclyn,Dermatology,.@yopmail.com
362,Ellette,Internists,.@yopmail.com
363,Lacie,Internists,.@yopmail.com
364,Flory,Allergists,.@yopmail.com
365,Tersina,Neurology,.@yopmail.com
366,Mary,Family Medicine,.@yopmail.com
367,Romona,Pediatrics,.@yopmail.com
368,Latisha,Pediatrics,.@yopmail.com
369,Gerrie,Otolaryngologists,.@yopmail.com
370,Hollie,Anesthesiology,.@yopmail.com
371,Katharina,Anesthesiology,.@yopmail.com
372,Sashenka,Pediatrics,.@yopmail.com
373,Charissa,Internists,.@yopmail.com
374,Viviene,Gastroenterology,.@yopmail.com
375,Gavrielle,Endocrinologist,.@yopmail.com
376,Joleen,Gastroenterology,.@yopmail.com
377,Aurelie,Nephrology,.@yopmail.com
378,Larine,Pediatrics,.@yopmail.com
379,Ricky,Infectious disease,.@yopmail.com
380,Nita,Family Medicine,.@yopmail.com
381,Roz,Neurology,.@yopmail.com
382,Rhea,Endocrinologist,.@yopmail.com
383,Nannie,Oncologist,.@yopmail.com
384,Kimberley,Internists,.@yopmail.com
385,Liana,Gastroenterology,.@yopmail.com
386,Sindee,Anesthesiology,.@yopmail.com
387,Maridel,Allergists,.@yopmail.com
388,Myrtice,Geriatrician,.@yopmail.com
389,Delilah,Ophthalmology,.@yopmail.com
390,Melodie,Endocrinologist,.@yopmail.com
391,Giustina,Nephrology,.@yopmail.com
392,Talya,Surgery,.@yopmail.com
393,Marsiella,Critical Care Medicine,.@yopmail.com
394,Laurene,Pulmonologists,.@yopmail.com
395,Concettina,Hospice and Palliative Care,.@yopmail.com
396,Wanda,Ophthalmology,.@yopmail.com
397,Roz,Hospice and Palliative Care,.@yopmail.com
398,Annice,Psychiatry,.@yopmail.com
399,Catrina,Pulmonologists,.@yopmail.com
400,Dyann,Radiology,.@yopmail.com
401,Dolli,Endocrinologist,.@yopmail.com
402,Selia,Dermatology,.@yopmail.com
403,Nadine,Nephrology,.@yopmail.com
404,Danika,Ophthalmology,.@yopmail.com
405,Queenie,Anesthesiology,.@yopmail.com
406,Max,Infectious disease,.@yopmail.com
407,Annabela,Oncologist,.@yopmail.com
408,Shandie,Oncologist,.@yopmail.com
409,Merry,Internists,.@yopmail.com
410,Misha,Pediatrics,.@yopmail.com
411,Paule,Family Medicine,.@yopmail.com
412,Madeleine,Anesthesiology,.@yopmail.com
413,Moyna,Critical Care Medicine,.@yopmail.com
414,Rosaline,Pediatrics,.@yopmail.com
415,Joelly,Gastroenterology,.@yopmail.com
416,Mallory,Hospice and Palliative Care,.@yopmail.com
417,Correy,Internists,.@yopmail.com
418,Charmaine,Obstetric Anesthesiologists,.@yopmail.com
419,Carolina,Infectious disease,.@yopmail.com
420,Bill,Hospice and Palliative Care,.@yopmail.com
421,Pamella,Nephrology,.@yopmail.com
422,Shel,Psychiatry,.@yopmail.com
423,Joeann,Otolaryngologists,.@yopmail.com
424,Lacie,Infectious disease,.@yopmail.com
425,Jere,Neurology,.@yopmail.com
426,Fayre,Ophthalmology,.@yopmail.com
427,Molli,Allergists,.@yopmail.com
428,Deloria,Radiology,.@yopmail.com
429,Danny,Ophthalmology,.@yopmail.com
430,Ardenia,Pediatrics,.@yopmail.com
431,Livvyy,Infectious disease,.@yopmail.com
432,Anestassia,Family Medicine,.@yopmail.com
433,Chickie,Emergency Medicine,.@yopmail.com
434,Carree,Allergists,.@yopmail.com
435,Adore,Anesthesiology,.@yopmail.com
436,Amara,Psychiatry,.@yopmail.com
437,Asia,Emergency Medicine,.@yopmail.com
438,Jeanna,Obstetric Anesthesiologists,.@yopmail.com
439,Gabriellia,Emergency Medicine,.@yopmail.com
440,Moyna,Pulmonologists,.@yopmail.com
441,Eolanda,Allergists,.@yopmail.com
442,Ermengarde,Oncologist,.@yopmail.com
443,Dulcinea,Pediatrics,.@yopmail.com
444,Lorie,Critical Care Medicine,.@yopmail.com
445,Beverley,Anesthesiology,.@yopmail.com
446,Verla,Otolaryngologists,.@yopmail.com
447,Randa,Critical Care Medicine,.@yopmail.com
448,Tera,Nephrology,.@yopmail.com
449,Cecile,Emergency Medicine,.@yopmail.com
450,Iseabal,Gastroenterology,.@yopmail.com
451,Noelle,Gastroenterology,.@yopmail.com
452,Daune,Ophthalmology,.@yopmail.com
453,Randa,Dermatology,.@yopmail.com
454,Renie,Nephrology,.@yopmail.com
455,Dorene,Cardiology,.@yopmail.com
456,Daryl,Internists,.@yopmail.com
457,Collen,Surgery,.@yopmail.com
458,Cyb,Hospice and Palliative Care,.@yopmail.com
459,Margarette,Psychiatry,.@yopmail.com
460,Asia,Internists,.@yopmail.com
461,Wileen,Nephrology,.@yopmail.com
462,Laurene,Ophthalmology,.@yopmail.com
463,Lita,Ophthalmology,.@yopmail.com
464,Harmonia,Infectious disease,.@yopmail.com
465,Elfreda,Obstetric Anesthesiologists,.@yopmail.com
466,Evita,Family Medicine,.@yopmail.com
467,Rhea,Cardiology,.@yopmail.com
468,Magdalena,Pediatrics,.@yopmail.com
469,Steffane,Allergists,.@yopmail.com
470,Minne,Critical Care Medicine,.@yopmail.com
471,Rozele,Critical Care Medicine,.@yopmail.com
472,Esmeralda,Psychiatry,.@yopmail.com
473,Evaleen,Obstetric Anesthesiologists,.@yopmail.com
474,Vere,Geriatrician,.@yopmail.com
475,Noelle,Geriatrician,.@yopmail.com
476,Maryellen,Oncologist,.@yopmail.com
477,Nelle,Otolaryngologists,.@yopmail.com
478,Siana,Oncologist,.@yopmail.com
479,Judy,Endocrinologist,.@yopmail.com
480,Alex,Pediatrics,.@yopmail.com
481,Jenilee,Internists,.@yopmail.com
482,Tani,Emergency Medicine,.@yopmail.com
483,Mady,Family Medicine,.@yopmail.com
484,Albertina,Otolaryngologists,.@yopmail.com
485,Kalina,Obstetric Anesthesiologists,.@yopmail.com
486,Edith,Psychiatry,.@yopmail.com
487,Alex,Internists,.@yopmail.com
488,Nollie,Emergency Medicine,.@yopmail.com
489,Ninnetta,Pediatrics,.@yopmail.com
490,Hildegaard,Surgery,.@yopmail.com
491,Tamqrah,Radiology,.@yopmail.com
492,Etta,Family Medicine,.@yopmail.com
493,Cherrita,Neurology,.@yopmail.com
494,Mildrid,Oncologist,.@yopmail.com
495,Dulcinea,Dermatology,.@yopmail.com
496,Karly,Endocrinologist,.@yopmail.com
497,Mariele,Anesthesiology,.@yopmail.com
498,Lory,Surgery,.@yopmail.com
499,Shannah,Cardiology,.@yopmail.com
500,Ekaterina,Infectious disease,.@yopmail.com
501,Madeleine,Critical Care Medicine,.@yopmail.com
502,Leontine,Infectious disease,.@yopmail.com
503,Carilyn,Dermatology,.@yopmail.com
504,Kellen,Nephrology,.@yopmail.com
505,Isa,Ophthalmology,.@yopmail.com
506,Nanete,Hospice and Palliative Care,.@yopmail.com
507,Tera,Otolaryngologists,.@yopmail.com
508,Emylee,Critical Care Medicine,.@yopmail.com
509,Merrie,Pediatrics,.@yopmail.com
510,Janis,Nephrology,.@yopmail.com
511,Josephine,Emergency Medicine,.@yopmail.com
512,Lucy,Geriatrician,.@yopmail.com
513,Sidoney,Otolaryngologists,.@yopmail.com
514,Karena,Dermatology,.@yopmail.com
515,Rosanne,Geriatrician,.@yopmail.com
516,Sam,Nephrology,.@yopmail.com
517,Gratia,Cardiology,.@yopmail.com
518,Jinny,Infectious disease,.@yopmail.com
519,Ivett,Infectious disease,.@yopmail.com
520,Sara-Ann,Otolaryngologists,.@yopmail.com
521,Berta,Cardiology,.@yopmail.com
522,Marita,Surgery,.@yopmail.com
523,Micheline,Ophthalmology,.@yopmail.com
524,Mildrid,Geriatrician,.@yopmail.com
525,Aeriela,Otolaryngologists,.@yopmail.com
526,Kirbee,Allergists,.@yopmail.com
527,Annora,Radiology,.@yopmail.com
528,Tierney,Ophthalmology,.@yopmail.com
529,Carmela,Family Medicine,.@yopmail.com
530,Karlee,Anesthesiology,.@yopmail.com
531,Talya,Radiology,.@yopmail.com
532,Verla,Emergency Medicine,.@yopmail.com
533,Lanna,Cardiology,.@yopmail.com
534,Cathyleen,Psychiatry,.@yopmail.com
535,Nikki,Oncologist,.@yopmail.com
536,Averyl,Dermatology,.@yopmail.com
537,Jobi,Pulmonologists,.@yopmail.com
538,Annora,Gastroenterology,.@yopmail.com
539,Tersina,Critical Care Medicine,.@yopmail.com
540,Hope,Pediatrics,.@yopmail.com
541,Dorice,Allergists,.@yopmail.com
542,Ada,Surgery,.@yopmail.com
543,Arlina,Pediatrics,.@yopmail.com
544,Phylis,Gastroenterology,.@yopmail.com
545,Chickie,Cardiology,.@yopmail.com
546,Corene,Oncologist,.@yopmail.com
547,Maryellen,Endocrinologist,.@yopmail.com
548,Aaren,Critical Care Medicine,.@yopmail.com
549,Sarette,Neurology,.@yopmail.com
550,Tilly,Ophthalmology,.@yopmail.com
551,Aeriela,Gastroenterology,.@yopmail.com
552,Frank,Internists,.@yopmail.com
553,Asia,Dermatology,.@yopmail.com
554,Christy,Endocrinologist,.@yopmail.com
555,Karly,Internists,.@yopmail.com
556,Cristabel,Cardiology,.@yopmail.com
557,Jacquetta,Ophthalmology,.@yopmail.com
558,Pierette,Gastroenterology,.@yopmail.com
559,Deirdre,Neurology,.@yopmail.com
560,Jeanna,Critical Care Medicine,.@yopmail.com
561,Mureil,Infectious disease,.@yopmail.com
562,Nickie,Surgery,.@yopmail.com
563,Agathe,Pulmonologists,.@yopmail.com
564,Pierette,Pediatrics,.@yopmail.com
565,Genovera,Psychiatry,.@yopmail.com
566,Carlie,Ophthalmology,.@yopmail.com
567,Marnia,Anesthesiology,.@yopmail.com
568,Dorene,Geriatrician,.@yopmail.com
569,Carmela,Anesthesiology,.@yopmail.com
570,Gisela,Endocrinologist,.@yopmail.com
571,Cassondra,Endocrinologist,.@yopmail.com
572,Hallie,Neurology,.@yopmail.com
573,Jillayne,Allergists,.@yopmail.com
574,Gianina,Obstetric Anesthesiologists,.@yopmail.com
575,Talya,Otolaryngologists,.@yopmail.com
576,Sandie,Infectious disease,.@yopmail.com
577,Orelia,Radiology,.@yopmail.com
578,Oona,Pediatrics,.@yopmail.com
579,Mariann,Neurology,.@yopmail.com
580,Lenna,Emergency Medicine,.@yopmail.com
581,Yolane,Emergency Medicine,.@yopmail.com
582,Karlee,Critical Care Medicine,.@yopmail.com
583,Helena,Family Medicine,.@yopmail.com
584,Morganica,Allergists,.@yopmail.com
585,Florencia,Oncologist,.@yopmail.com
586,Cecile,Internists,.@yopmail.com
587,Misha,Endocrinologist,.@yopmail.com
588,Corene,Internists,.@yopmail.com
589,Wileen,Surgery,.@yopmail.com
590,Stacey,Anesthesiology,.@yopmail.com
591,Kellen,Critical Care Medicine,.@yopmail.com
592,Peri,Internists,.@yopmail.com
593,Adriana,Ophthalmology,.@yopmail.com
594,Mariele,Ophthalmology,.@yopmail.com
595,Ottilie,Otolaryngologists,.@yopmail.com
596,Letizia,Infectious disease,.@yopmail.com
597,Marylou,Oncologist,.@yopmail.com
598,Zsa Zsa,Ophthalmology,.@yopmail.com
599,Riannon,Allergists,.@yopmail.com
600,Elka,Infectious disease,.@yopmail.com
601,Chere,Geriatrician,.@yopmail.com
602,Mahalia,Allergists,.@yopmail.com
603,Dione,Psychiatry,.@yopmail.com
604,Rozele,Neurology,.@yopmail.com
605,Leontine,Surgery,.@yopmail.com
606,Hallie,Allergists,.@yopmail.com
607,Nanete,Family Medicine,.@yopmail.com
608,Halette,Dermatology,.@yopmail.com
609,Corina,Otolaryngologists,.@yopmail.com
610,Elora,Pulmonologists,.@yopmail.com
611,Elise,Family Medicine,.@yopmail.com
612,Catrina,Endocrinologist,.@yopmail.com
613,Gerianna,Pulmonologists,.@yopmail.com
614,Ronna,Infectious disease,.@yopmail.com
615,Tilly,Obstetric Anesthesiologists,.@yopmail.com
616,Lynnea,Internists,.@yopmail.com
617,Myriam,Cardiology,.@yopmail.com
618,Petronia,Anesthesiology,.@yopmail.com
619,Gabi,Nephrology,.@yopmail.com
620,Marcelline,Dermatology,.@yopmail.com
621,Desirae,Gastroenterology,.@yopmail.com
622,Glenda,Geriatrician,.@yopmail.com
623,Starla,Neurology,.@yopmail.com
624,Calla,Dermatology,.@yopmail.com
625,Sara-Ann,Pediatrics,.@yopmail.com
626,Karena,Neurology,.@yopmail.com
627,Carmela,Pediatrics,.@yopmail.com
628,Gilda,Dermatology,.@yopmail.com
629,Bobbi,Allergists,.@yopmail.com
630,Roseline,Pediatrics,.@yopmail.com
631,Sue,Critical Care Medicine,.@yopmail.com
632,Dede,Nephrology,.@yopmail.com
633,Estell,Geriatrician,.@yopmail.com
634,Marti,Geriatrician,.@yopmail.com
635,Fanchon,Pediatrics,.@yopmail.com
636,Leanna,Internists,.@yopmail.com
637,Ernesta,Cardiology,.@yopmail.com
638,Frank,Obstetric Anesthesiologists,.@yopmail.com
639,Abbie,Anesthesiology,.@yopmail.com
640,Philis,Internists,.@yopmail.com
641,Jsandye,Geriatrician,.@yopmail.com
642,Marinna,Emergency Medicine,.@yopmail.com
643,Tabbatha,Anesthesiology,.@yopmail.com
644,Christal,Pulmonologists,.@yopmail.com
645,Annora,Cardiology,.@yopmail.com
646,Patricia,Cardiology,.@yopmail.com
647,Frances,Gastroenterology,.@yopmail.com
648,Karena,Psychiatry,.@yopmail.com
649,Jean,Ophthalmology,.@yopmail.com
650,Shauna,Surgery,.@yopmail.com
651,Jenilee,Internists,.@yopmail.com
652,Yvonne,Radiology,.@yopmail.com
653,Shell,Gastroenterology,.@yopmail.com
654,Krystle,Pediatrics,.@yopmail.com
655,Tori,Oncologist,.@yopmail.com
656,Candi,Dermatology,.@yopmail.com
657,Barbi,Oncologist,.@yopmail.com
658,Dari,Dermatology,.@yopmail.com
659,Sonni,Surgery,.@yopmail.com
660,Roseline,Pulmonologists,.@yopmail.com
661,Charissa,Geriatrician,.@yopmail.com
662,Cyndie,Allergists,.@yopmail.com
663,Nelle,Endocrinologist,.@yopmail.com
664,Laurene,Ophthalmology,.@yopmail.com
665,Hayley,Pediatrics,.@yopmail.com
666,Melanie,Oncologist,.@yopmail.com
667,Shannah,Allergists,.@yopmail.com
668,Beverley,Endocrinologist,.@yopmail.com
669,Ezmeralda,Anesthesiology,.@yopmail.com
670,Glynnis,Infectious disease,.@yopmail.com
671,Shell,Critical Care Medicine,.@yopmail.com
672,Ada,Pulmonologists,.@yopmail.com
673,Amii,Emergency Medicine,.@yopmail.com
674,Melina,Emergency Medicine,.@yopmail.com
675,Aili,Emergency Medicine,.@yopmail.com
676,Laure,Cardiology,.@yopmail.com
677,Jacenta,Radiology,.@yopmail.com
678,Britni,Oncologist,.@yopmail.com
679,Ketti,Otolaryngologists,.@yopmail.com
680,Chrystel,Ophthalmology,.@yopmail.com
681,Tori,Oncologist,.@yopmail.com
682,Lorenza,Ophthalmology,.@yopmail.com
683,Flo,Radiology,.@yopmail.com
684,Joeann,Radiology,.@yopmail.com
685,Molli,Hospice and Palliative Care,.@yopmail.com
686,Arabel,Pediatrics,.@yopmail.com
687,Cordi,Surgery,.@yopmail.com
688,Rani,Radiology,.@yopmail.com
689,Sallie,Otolaryngologists,.@yopmail.com
690,Corina,Nephrology,.@yopmail.com
691,Asia,Otolaryngologists,.@yopmail.com
692,Marcelline,Psychiatry,.@yopmail.com
693,Genevra,Oncologist,.@yopmail.com
694,Emelina,Family Medicine,.@yopmail.com
695,Lolita,Family Medicine,.@yopmail.com
696,Jessy,Oncologist,.@yopmail.com
697,Marguerite,Gastroenterology,.@yopmail.com
698,Danika,Infectious disease,.@yopmail.com
699,Anallese,Otolaryngologists,.@yopmail.com
700,Merrie,Ophthalmology,.@yopmail.com
701,Leontine,Radiology,.@yopmail.com
702,Ebonee,Anesthesiology,.@yopmail.com
703,Corina,Oncologist,.@yopmail.com
704,Darlleen,Cardiology,.@yopmail.com
705,Priscilla,Anesthesiology,.@yopmail.com
706,Nadine,Pediatrics,.@yopmail.com
707,Maisey,Obstetric Anesthesiologists,.@yopmail.com
708,Flo,Geriatrician,.@yopmail.com
709,Emma,Psychiatry,.@yopmail.com
710,Ricky,Anesthesiology,.@yopmail.com
711,Gloria,Geriatrician,.@yopmail.com
712,Jessamyn,Infectious disease,.@yopmail.com
713,Fredericka,Surgery,.@yopmail.com
714,Gerianna,Neurology,.@yopmail.com
715,Charissa,Hospice and Palliative Care,.@yopmail.com
716,Nerta,Geriatrician,.@yopmail.com
717,Brietta,Pediatrics,.@yopmail.com
718,Dania,Infectious disease,.@yopmail.com
719,Dacia,Endocrinologist,.@yopmail.com
720,Debee,Otolaryngologists,.@yopmail.com
721,Emma,Emergency Medicine,.@yopmail.com
722,Marinna,Ophthalmology,.@yopmail.com
723,Adore,Neurology,.@yopmail.com
724,Addia,Obstetric Anesthesiologists,.@yopmail.com
725,Susan,Internists,.@yopmail.com
726,Nerta,Ophthalmology,.@yopmail.com
727,Juliane,Dermatology,.@yopmail.com
728,Constance,Otolaryngologists,.@yopmail.com
729,Orsola,Pediatrics,.@yopmail.com
730,Juliane,Nephrology,.@yopmail.com
731,Gabi,Ophthalmology,.@yopmail.com
732,Belinda,Internists,.@yopmail.com
733,Andeee,Endocrinologist,.@yopmail.com
734,Wynne,Psychiatry,.@yopmail.com
735,Nariko,Internists,.@yopmail.com
736,Giustina,Radiology,.@yopmail.com
737,Tami,Allergists,.@yopmail.com
738,Rosabelle,Pulmonologists,.@yopmail.com
739,Alejandra,Endocrinologist,.@yopmail.com
740,Chickie,Infectious disease,.@yopmail.com
741,Katleen,Ophthalmology,.@yopmail.com
742,Clarice,Dermatology,.@yopmail.com
743,Renie,Endocrinologist,.@yopmail.com
744,Mamie,Pediatrics,.@yopmail.com
745,Jean,Otolaryngologists,.@yopmail.com
746,Sybille,Infectious disease,.@yopmail.com
747,Rosene,Obstetric Anesthesiologists,.@yopmail.com
748,Dominga,Critical Care Medicine,.@yopmail.com
749,Robbi,Dermatology,.@yopmail.com
750,Cassandra,Pulmonologists,.@yopmail.com
751,Sissy,Pediatrics,.@yopmail.com
752,Karolina,Internists,.@yopmail.com
753,Flo,Oncologist,.@yopmail.com
754,Brynna,Surgery,.@yopmail.com
755,Mildrid,Infectious disease,.@yopmail.com
756,Gretal,Oncologist,.@yopmail.com
757,Emmey,Oncologist,.@yopmail.com
758,Liana,Internists,.@yopmail.com
759,Reeba,Surgery,.@yopmail.com
760,Morganica,Nephrology,.@yopmail.com
761,Chastity,Otolaryngologists,.@yopmail.com
762,Brianna,Dermatology,.@yopmail.com
763,Nerta,Internists,.@yopmail.com
764,Mariann,Obstetric Anesthesiologists,.@yopmail.com
765,Hope,Emergency Medicine,.@yopmail.com
766,Doro,Obstetric Anesthesiologists,.@yopmail.com
767,Andeee,Hospice and Palliative Care,.@yopmail.com
768,Misha,Anesthesiology,.@yopmail.com
769,Zia,Ophthalmology,.@yopmail.com
770,Jere,Neurology,.@yopmail.com
771,Danny,Otolaryngologists,.@yopmail.com
772,Catrina,Obstetric Anesthesiologists,.@yopmail.com
773,Katleen,Nephrology,.@yopmail.com
774,Kary,Internists,.@yopmail.com
775,Tabbatha,Oncologist,.@yopmail.com
776,Tomasina,Allergists,.@yopmail.com
777,Eugine,Gastroenterology,.@yopmail.com
778,Minda,Infectious disease,.@yopmail.com
779,Doralynne,Hospice and Palliative Care,.@yopmail.com
780,Louella,Cardiology,.@yopmail.com
781,Luci,Emergency Medicine,.@yopmail.com
782,Joane,Neurology,.@yopmail.com
783,Teriann,Hospice and Palliative Care,.@yopmail.com
784,Chrystel,Otolaryngologists,.@yopmail.com
785,Dotty,Cardiology,.@yopmail.com
786,Riannon,Pulmonologists,.@yopmail.com
787,Candi,Oncologist,.@yopmail.com
788,Hollie,Cardiology,.@yopmail.com
789,Emilia,Pediatrics,.@yopmail.com
790,Charissa,Nephrology,.@yopmail.com
791,Gui,Allergists,.@yopmail.com
792,Maud,Allergists,.@yopmail.com
793,Lolita,Obstetric Anesthesiologists,.@yopmail.com
794,Lenna,Pediatrics,.@yopmail.com
795,Kaia,Ophthalmology,.@yopmail.com
796,Verla,Neurology,.@yopmail.com
797,Margalo,Pediatrics,.@yopmail.com
798,Celene,Pulmonologists,.@yopmail.com
799,Gusty,Radiology,.@yopmail.com
800,Jinny,Infectious disease,.@yopmail.com
801,Elie,Ophthalmology,.@yopmail.com
802,Mureil,Endocrinologist,.@yopmail.com
803,Nanete,Oncologist,.@yopmail.com
804,Tomasina,Surgery,.@yopmail.com
805,Charlena,Critical Care Medicine,.@yopmail.com
806,Liana,Otolaryngologists,.@yopmail.com
807,Dode,Obstetric Anesthesiologists,.@yopmail.com
808,Regina,Oncologist,.@yopmail.com
809,Glenda,Allergists,.@yopmail.com
810,Alex,Surgery,.@yopmail.com
811,Riannon,Anesthesiology,.@yopmail.com
812,Alejandra,Internists,.@yopmail.com
813,Mariele,Neurology,.@yopmail.com
814,Gwyneth,Neurology,.@yopmail.com
815,Beth,Psychiatry,.@yopmail.com
816,Leona,Gastroenterology,.@yopmail.com
817,Orsola,Oncologist,.@yopmail.com
818,Basia,Allergists,.@yopmail.com
819,Willetta,Gastroenterology,.@yopmail.com
820,Tersina,Pediatrics,.@yopmail.com
821,Jobi,Surgery,.@yopmail.com
822,Vonny,Allergists,.@yopmail.com
823,Lolita,Nephrology,.@yopmail.com
824,Joeann,Obstetric Anesthesiologists,.@yopmail.com
825,Giustina,Gastroenterology,.@yopmail.com
826,Corry,Geriatrician,.@yopmail.com
827,Blondelle,Endocrinologist,.@yopmail.com
828,Karly,Emergency Medicine,.@yopmail.com
829,Karena,Internists,.@yopmail.com
830,Heddie,Family Medicine,.@yopmail.com
831,Reeba,Geriatrician,.@yopmail.com
832,Tera,Dermatology,.@yopmail.com
833,Jsandye,Gastroenterology,.@yopmail.com
834,Carilyn,Otolaryngologists,.@yopmail.com
835,Aimil,Dermatology,.@yopmail.com
836,Lucille,Internists,.@yopmail.com
837,Brana,Dermatology,.@yopmail.com
838,Nerta,Gastroenterology,.@yopmail.com
839,Shandie,Radiology,.@yopmail.com
840,Gertrud,Hospice and Palliative Care,.@yopmail.com
841,Jaime,Endocrinologist,.@yopmail.com
842,Marnia,Psychiatry,.@yopmail.com
843,Claresta,Oncologist,.@yopmail.com
844,Hettie,Oncologist,.@yopmail.com
845,Taffy,Otolaryngologists,.@yopmail.com
846,Leontine,Family Medicine,.@yopmail.com
847,Karena,Pulmonologists,.@yopmail.com
848,Cacilie,Family Medicine,.@yopmail.com
849,Charmaine,Allergists,.@yopmail.com
850,Leanna,Anesthesiology,.@yopmail.com
851,Henriette,Cardiology,.@yopmail.com
852,Vere,Allergists,.@yopmail.com
853,Fina,Pulmonologists,.@yopmail.com
854,Hermione,Radiology,.@yopmail.com
855,Chrystel,Anesthesiology,.@yopmail.com
856,Elie,Pulmonologists,.@yopmail.com
857,Brooks,Dermatology,.@yopmail.com
858,Dominga,Pulmonologists,.@yopmail.com
859,Kial,Allergists,.@yopmail.com
860,Shirlee,Pulmonologists,.@yopmail.com
861,Bernardine,Otolaryngologists,.@yopmail.com
862,Rivalee,Nephrology,.@yopmail.com
863,Magdalena,Obstetric Anesthesiologists,.@yopmail.com
864,Evita,Surgery,.@yopmail.com
865,Melisent,Emergency Medicine,.@yopmail.com
866,Nollie,Anesthesiology,.@yopmail.com
867,Max,Dermatology,.@yopmail.com
868,Agnese,Gastroenterology,.@yopmail.com
869,Wendi,Otolaryngologists,.@yopmail.com
870,Briney,Emergency Medicine,.@yopmail.com
871,Lucille,Dermatology,.@yopmail.com
872,Kellen,Pediatrics,.@yopmail.com
873,Fina,Geriatrician,.@yopmail.com
874,Marylou,Internists,.@yopmail.com
875,Rani,Gastroenterology,.@yopmail.com
876,Lorie,Ophthalmology,.@yopmail.com
877,Linet,Gastroenterology,.@yopmail.com
878,Shaine,Anesthesiology,.@yopmail.com
879,Zia,Dermatology,.@yopmail.com
880,Nanete,Pediatrics,.@yopmail.com
881,Christal,Neurology,.@yopmail.com
882,Michaelina,Neurology,.@yopmail.com
883,Farrah,Geriatrician,.@yopmail.com
884,Elise,Dermatology,.@yopmail.com
885,Addia,Nephrology,.@yopmail.com
886,Roberta,Obstetric Anesthesiologists,.@yopmail.com
887,Rosene,Psychiatry,.@yopmail.com
888,Kylynn,Allergists,.@yopmail.com
889,Lanae,Obstetric Anesthesiologists,.@yopmail.com
890,Nonnah,Hospice and Palliative Care,.@yopmail.com
891,Sheree,Neurology,.@yopmail.com
892,Roxane,Allergists,.@yopmail.com
893,Molli,Anesthesiology,.@yopmail.com
894,Agnese,Pediatrics,.@yopmail.com
895,Julieta,Allergists,.@yopmail.com
896,Anthia,Endocrinologist,.@yopmail.com
897,Trudie,Cardiology,.@yopmail.com
898,Kristina,Internists,.@yopmail.com
899,Calla,Hospice and Palliative Care,.@yopmail.com
900,Ulrike,Infectious disease,.@yopmail.com
901,Beatriz,Allergists,.@yopmail.com
902,Imojean,Family Medicine,.@yopmail.com
903,Michaelina,Dermatology,.@yopmail.com
904,Dorthy,Geriatrician,.@yopmail.com
905,Aaren,Surgery,.@yopmail.com
906,Leeanne,Pulmonologists,.@yopmail.com
907,Lanae,Oncologist,.@yopmail.com
908,Tybie,Obstetric Anesthesiologists,.@yopmail.com
909,Jaclyn,Otolaryngologists,.@yopmail.com
910,Sheelagh,Ophthalmology,.@yopmail.com
911,Nita,Gastroenterology,.@yopmail.com
912,Tina,Otolaryngologists,.@yopmail.com
913,Florie,Family Medicine,.@yopmail.com
914,Ketti,Infectious disease,.@yopmail.com
915,Bertine,Infectious disease,.@yopmail.com
916,Shel,Cardiology,.@yopmail.com
917,Dennie,Obstetric Anesthesiologists,.@yopmail.com
918,Elka,Hospice and Palliative Care,.@yopmail.com
919,Goldie,Ophthalmology,.@yopmail.com
920,Talya,Emergency Medicine,.@yopmail.com
921,Di,Emergency Medicine,.@yopmail.com
922,Arabel,Oncologist,.@yopmail.com
923,Briney,Obstetric Anesthesiologists,.@yopmail.com
924,Bobbi,Oncologist,.@yopmail.com
925,Jolyn,Infectious disease,.@yopmail.com
926,Tomasina,Psychiatry,.@yopmail.com
927,Ericka,Critical Care Medicine,.@yopmail.com
928,Cyndie,Dermatology,.@yopmail.com
929,Dione,Gastroenterology,.@yopmail.com
930,Cathyleen,Emergency Medicine,.@yopmail.com
931,Sam,Obstetric Anesthesiologists,.@yopmail.com
932,Livvyy,Cardiology,.@yopmail.com
933,Aili,Otolaryngologists,.@yopmail.com
934,Johna,Obstetric Anesthesiologists,.@yopmail.com
935,Marjie,Endocrinologist,.@yopmail.com
936,Vevay,Emergency Medicine,.@yopmail.com
937,Rubie,Allergists,.@yopmail.com
938,Ann-Marie,Dermatology,.@yopmail.com
939,Cassondra,Endocrinologist,.@yopmail.com
940,Kara-Lynn,Infectious disease,.@yopmail.com
941,Allis,Neurology,.@yopmail.com
942,Micheline,Ophthalmology,.@yopmail.com
943,Minda,Internists,.@yopmail.com
944,Imojean,Infectious disease,.@yopmail.com
945,Carmencita,Psychiatry,.@yopmail.com
946,Louella,Anesthesiology,.@yopmail.com
947,Teriann,Psychiatry,.@yopmail.com
948,Maurene,Ophthalmology,.@yopmail.com
949,Randa,Dermatology,.@yopmail.com
950,Brooks,Oncologist,.@yopmail.com
951,Lilith,Allergists,.@yopmail.com
952,Loree,Critical Care Medicine,.@yopmail.com
953,Calla,Gastroenterology,.@yopmail.com
954,Lanna,Neurology,.@yopmail.com
955,Marita,Infectious disease,.@yopmail.com
956,Grier,Dermatology,.@yopmail.com
957,Paola,Infectious disease,.@yopmail.com
958,Fredericka,Internists,.@yopmail.com
959,Vivia,Geriatrician,.@yopmail.com
960,Nollie,Ophthalmology,.@yopmail.com
961,Fredericka,Family Medicine,.@yopmail.com
962,Brynna,Cardiology,.@yopmail.com
963,Annabela,Oncologist,.@yopmail.com
964,Ricky,Obstetric Anesthesiologists,.@yopmail.com
965,Elora,Radiology,.@yopmail.com
966,Michaelina,Pulmonologists,.@yopmail.com
967,Helsa,Emergency Medicine,.@yopmail.com
968,Kary,Radiology,.@yopmail.com
969,Tarra,Psychiatry,.@yopmail.com
970,Vinita,Psychiatry,.@yopmail.com
971,Georgetta,Internists,.@yopmail.com
972,Elsie,Internists,.@yopmail.com
973,Doro,Anesthesiology,.@yopmail.com
974,Tiffie,Endocrinologist,.@yopmail.com
975,Norine,Radiology,.@yopmail.com
976,Mady,Geriatrician,.@yopmail.com
977,Wendi,Family Medicine,.@yopmail.com
978,Marnia,Infectious disease,.@yopmail.com
979,Tressa,Geriatrician,.@yopmail.com
980,Lindie,Emergency Medicine,.@yopmail.com
981,Minne,Dermatology,.@yopmail.com
982,Ida,Oncologist,.@yopmail.com
983,Oralee,Surgery,.@yopmail.com
984,Jean,Endocrinologist,.@yopmail.com
985,Minda,Anesthesiology,.@yopmail.com
986,Margette,Surgery,.@yopmail.com
987,Kellen,Endocrinologist,.@yopmail.com
988,Lorne,Neurology,.@yopmail.com
989,Penelopa,Hospice and Palliative Care,.@yopmail.com
990,Hallie,Pediatrics,.@yopmail.com
991,Kelly,Ophthalmology,.@yopmail.com
992,Ronna,Pediatrics,.@yopmail.com
993,Marti,Pulmonologists,.@yopmail.com
994,Jessy,Endocrinologist,.@yopmail.com
995,Ninnetta,Ophthalmology,.@yopmail.com
996,Annecorinne,Pulmonologists,.@yopmail.com
997,Addia,Endocrinologist,.@yopmail.com
998,Lucy,Ophthalmology,.@yopmail.com
999,Nerta,Otolaryngologists,.@yopmail.com
1000,Barbi,Surgery,.@yopmail.com
1001,Carilyn,Allergists,.@yopmail.com
1002,Catrina,Hospice and Palliative Care,.@yopmail.com
1003,Hope,Anesthesiology,.@yopmail.com
1004,Lindie,Hospice and Palliative Care,.@yopmail.com
1005,Roslyn,Surgery,.@yopmail.com
1006,Andeee,Ophthalmology,.@yopmail.com
1007,Hyacinthe,Allergists,.@yopmail.com
1008,Alejandra,Critical Care Medicine,.@yopmail.com
1009,Sashenka,Radiology,.@yopmail.com
1010,Jenda,Family Medicine,.@yopmail.com
1011,Ezmeralda,Neurology,.@yopmail.com
1012,Doralynne,Neurology,.@yopmail.com
1013,Aryn,Obstetric Anesthesiologists,.@yopmail.com
1014,Raf,Family Medicine,.@yopmail.com
1015,Lynde,Radiology,.@yopmail.com
1016,Micheline,Otolaryngologists,.@yopmail.com
1017,Ira,Otolaryngologists,.@yopmail.com
1018,Ernesta,Psychiatry,.@yopmail.com
1019,Monika,Infectious disease,.@yopmail.com
1020,Karlee,Internists,.@yopmail.com
1021,Lorie,Neurology,.@yopmail.com
1022,Quintina,Ophthalmology,.@yopmail.com
1023,Misha,Oncologist,.@yopmail.com
1024,Dyann,Hospice and Palliative Care,.@yopmail.com
1025,Netty,Anesthesiology,.@yopmail.com
1026,Chastity,Geriatrician,.@yopmail.com
1027,Carolina,Neurology,.@yopmail.com
1028,Isa,Obstetric Anesthesiologists,.@yopmail.com
1029,Robinia,Cardiology,.@yopmail.com
1030,Hermione,Pulmonologists,.@yopmail.com
1031,Melodie,Oncologist,.@yopmail.com
1032,Sissy,Pediatrics,.@yopmail.com
1033,Corene,Otolaryngologists,.@yopmail.com
1034,Yolane,Ophthalmology,.@yopmail.com
1035,Harmonia,Emergency Medicine,.@yopmail.com
1036,Ada,Ophthalmology,.@yopmail.com
1037,Doro,Obstetric Anesthesiologists,.@yopmail.com
1038,Henriette,Endocrinologist,.@yopmail.com
1039,Elena,Allergists,.@yopmail.com
1040,Jolyn,Internists,.@yopmail.com
1041,Oona,Ophthalmology,.@yopmail.com
1042,Zsa Zsa,Oncologist,.@yopmail.com
1043,Allis,Endocrinologist,.@yopmail.com
1044,Margalo,Otolaryngologists,.@yopmail.com
1045,Carolina,Pulmonologists,.@yopmail.com
1046,Kirstin,Surgery,.@yopmail.com
1047,Gilligan,Gastroenterology,.@yopmail.com
1048,Lesly,Ophthalmology,.@yopmail.com
1049,Catharine,Dermatology,.@yopmail.com
1050,Nananne,Surgery,.@yopmail.com
1051,Priscilla,Obstetric Anesthesiologists,.@yopmail.com
1052,Ingrid,Psychiatry,.@yopmail.com
1053,Oona,Family Medicine,.@yopmail.com
1054,Andeee,Surgery,.@yopmail.com
1055,Grier,Allergists,.@yopmail.com
1056,Gretal,Emergency Medicine,.@yopmail.com
1057,Karly,Psychiatry,.@yopmail.com
1058,Nollie,Endocrinologist,.@yopmail.com
1059,Fidelia,Nephrology,.@yopmail.com
1060,Merry,Pulmonologists,.@yopmail.com
1061,Frank,Critical Care Medicine,.@yopmail.com
1062,Edyth,Neurology,.@yopmail.com
1063,Danika,Surgery,.@yopmail.com
1064,Helsa,Critical Care Medicine,.@yopmail.com
1065,Sissy,Otolaryngologists,.@yopmail.com
1066,Sharai,Geriatrician,.@yopmail.com
1067,Emelina,Critical Care Medicine,.@yopmail.com
1068,Roberta,Otolaryngologists,.@yopmail.com
1069,Flory,Obstetric Anesthesiologists,.@yopmail.com
1070,Katuscha,Dermatology,.@yopmail.com
1071,Jobi,Gastroenterology,.@yopmail.com
1072,Kathy,Pediatrics,.@yopmail.com
1073,Moyna,Infectious disease,.@yopmail.com
1074,Lanna,Internists,.@yopmail.com
1075,Laure,Radiology,.@yopmail.com
1076,Robbi,Allergists,.@yopmail.com
1077,Hettie,Allergists,.@yopmail.com
1078,Netty,Obstetric Anesthesiologists,.@yopmail.com
1079,Georgetta,Hospice and Palliative Care,.@yopmail.com
1080,Caritta,Surgery,.@yopmail.com
1081,Netty,Neurology,.@yopmail.com
1082,June,Emergency Medicine,.@yopmail.com
1083,Daryl,Psychiatry,.@yopmail.com
1084,Lila,Family Medicine,.@yopmail.com
1085,Albertina,Emergency Medicine,.@yopmail.com
1086,Dacia,Gastroenterology,.@yopmail.com
1087,Anestassia,Obstetric Anesthesiologists,.@yopmail.com
1088,Vanessa,Gastroenterology,.@yopmail.com
1089,Elbertina,Psychiatry,.@yopmail.com
1090,Ericka,Dermatology,.@yopmail.com
1091,Sadie,Oncologist,.@yopmail.com
1092,Sam,Hospice and Palliative Care,.@yopmail.com
1093,Cristabel,Oncologist,.@yopmail.com
1094,Lanae,Neurology,.@yopmail.com
1095,Loree,Anesthesiology,.@yopmail.com
1096,Nikki,Psychiatry,.@yopmail.com
1097,Georgina,Obstetric Anesthesiologists,.@yopmail.com
1098,Wynne,Infectious disease,.@yopmail.com
1099,Brana,Nephrology,.@yopmail.com
