PatientID,firstname,lastname,email
101,Ira,Eachern,Ira.Eachern@yopmail.com
102,Lusa,Alisia,Lusa.Alisia@yopmail.com
103,Jennica,Ashely,Jennica.Ashely@yopmail.com
104,Joane,Yam,Joane.Yam@yopmail.com
105,Chere,Maisey,Chere.Maisey@yopmail.com
106,Petronia,Tamsky,Petronia.Tamsky@yopmail.com
107,Kara-Lynn,Shanley,Kara-Lynn.Shanley@yopmail.com
108,Antonietta,Claudine,Antonietta.Claudine@yopmail.com
109,Leontine,Zachary,Leontine.Zachary@yopmail.com
110,Elbertina,Dosia,Elbertina.Dosia@yopmail.com
111,Blondelle,Riordan,Blondelle.Riordan@yopmail.com
112,Babita,Felecia,Babita.Felecia@yopmail.com
113,Madelle,Milde,Madelle.Milde@yopmail.com
114,Christal,Marcellus,Christal.Marcellus@yopmail.com
115,Alexine,Isacco,Alexine.Isacco@yopmail.com
116,Camile,Ovid,Camile.Ovid@yopmail.com
117,Correy,Pozzy,Correy.Pozzy@yopmail.com
118,Janenna,Croix,Janenna.Croix@yopmail.com
119,Frieda,Douglass,Frieda.Douglass@yopmail.com
120,Romona,Vorster,Romona.Vorster@yopmail.com
121,Netty,Allina,Netty.Allina@yopmail.com
122,Dari,Tufts,Dari.Tufts@yopmail.com
123,Bobinette,Peti,Bobinette.Peti@yopmail.com
124,Silvana,Zina,Silvana.Zina@yopmail.com
125,Dacia,Silvan,Dacia.Silvan@yopmail.com
126,Kelly,Celestine,Kelly.Celestine@yopmail.com
127,Elka,Orpah,Elka.Orpah@yopmail.com
128,Ermengarde,Izaak,Ermengarde.Izaak@yopmail.com
129,Rivalee,Bandeen,Rivalee.Bandeen@yopmail.com
130,Jaclyn,Euridice,Jaclyn.Euridice@yopmail.com
131,Goldie,Kare,Goldie.Kare@yopmail.com
132,Mariele,Emanuel,Mariele.Emanuel@yopmail.com
133,Shirlee,Anselmi,Shirlee.Anselmi@yopmail.com
134,Joelly,Grimbly,Joelly.Grimbly@yopmail.com
135,Sue,Tice,Sue.Tice@yopmail.com
136,Sam,Verger,Sam.Verger@yopmail.com
137,Mamie,Loleta,Mamie.Loleta@yopmail.com
138,Gabriellia,Krystle,Gabriellia.Krystle@yopmail.com
139,Roz,Ardeha,Roz.Ardeha@yopmail.com
140,Sherrie,Alcott,Sherrie.Alcott@yopmail.com
141,Frances,Lamoree,Frances.Lamoree@yopmail.com
142,Reeba,Autrey,Reeba.Autrey@yopmail.com
143,Maye,McLaughlin,Maye.McLaughlin@yopmail.com
144,Lila,Martguerita,Lila.Martguerita@yopmail.com
145,Marinna,Bartlett,Marinna.Bartlett@yopmail.com
146,Aurore,Garrison,Aurore.Garrison@yopmail.com
147,Patricia,Septima,Patricia.Septima@yopmail.com
148,Micheline,Eugenia,Micheline.Eugenia@yopmail.com
149,Susan,Evangelia,Susan.Evangelia@yopmail.com
150,Jorry,Aida,Jorry.Aida@yopmail.com
151,Jacquetta,Kirbee,Jacquetta.Kirbee@yopmail.com
152,Evita,Ricki,Evita.Ricki@yopmail.com
153,Flory,Sawtelle,Flory.Sawtelle@yopmail.com
154,Winny,Arley,Winny.Arley@yopmail.com
155,Marinna,Ortrude,Marinna.Ortrude@yopmail.com
156,Jessy,Shelba,Jessy.Shelba@yopmail.com
157,Korrie,Jefferey,Korrie.Jefferey@yopmail.com
158,Drucie,Nedrud,Drucie.Nedrud@yopmail.com
159,Linet,Persse,Linet.Persse@yopmail.com
160,Sheree,Desai,Sheree.Desai@yopmail.com
161,Orsola,Martguerita,Orsola.Martguerita@yopmail.com
162,Winifred,Kazimir,Winifred.Kazimir@yopmail.com
163,Joelly,Anyah,Joelly.Anyah@yopmail.com
164,Yetty,Shanley,Yetty.Shanley@yopmail.com
165,Damaris,Greenwald,Damaris.Greenwald@yopmail.com
166,Katleen,Parette,Katleen.Parette@yopmail.com
167,Jan,Wyn,Jan.Wyn@yopmail.com
168,Kylynn,Uund,Kylynn.Uund@yopmail.com
169,Leia,Diann,Leia.Diann@yopmail.com
170,Chloris,Crudden,Chloris.Crudden@yopmail.com
171,Loree,Bertold,Loree.Bertold@yopmail.com
172,Lynde,Imelida,Lynde.Imelida@yopmail.com
173,Nananne,Rodmann,Nananne.Rodmann@yopmail.com
174,Tarra,Fillbert,Tarra.Fillbert@yopmail.com
175,Marcy,Melleta,Marcy.Melleta@yopmail.com
176,Lyssa,Irmine,Lyssa.Irmine@yopmail.com
177,Nyssa,Hanleigh,Nyssa.Hanleigh@yopmail.com
178,Viki,Skell,Viki.Skell@yopmail.com
179,Bibby,Aaberg,Bibby.Aaberg@yopmail.com
180,Barbi,Emmaline,Barbi.Emmaline@yopmail.com
181,Wynne,Silvan,Wynne.Silvan@yopmail.com
182,Sean,Dituri,Sean.Dituri@yopmail.com
183,Ann-Marie,Gwenore,Ann-Marie.Gwenore@yopmail.com
184,Cam,Cordi,Cam.Cordi@yopmail.com
185,Etta,Bergman,Etta.Bergman@yopmail.com
186,Ekaterina,Kenney,Ekaterina.Kenney@yopmail.com
187,Magdalena,Alabaster,Magdalena.Alabaster@yopmail.com
188,Carmela,Vacuva,Carmela.Vacuva@yopmail.com
189,Dorthy,Maisey,Dorthy.Maisey@yopmail.com
190,Mariann,Stoller,Mariann.Stoller@yopmail.com
191,Sybille,Brunell,Sybille.Brunell@yopmail.com
192,Konstance,Vary,Konstance.Vary@yopmail.com
193,Jaclyn,Kenwood,Jaclyn.Kenwood@yopmail.com
194,Arlina,Tryck,Arlina.Tryck@yopmail.com
195,Donetta,Docilla,Donetta.Docilla@yopmail.com
196,Ruthe,Weaks,Ruthe.Weaks@yopmail.com
197,Clarice,Willie,Clarice.Willie@yopmail.com
198,Annice,Randene,Annice.Randene@yopmail.com
199,Silvana,Judye,Silvana.Judye@yopmail.com
200,Trixi,Gemini,Trixi.Gemini@yopmail.com
201,Regina,Nikaniki,Regina.Nikaniki@yopmail.com
202,Coral,Evvie,Coral.Evvie@yopmail.com
203,Consuela,Macey,Consuela.Macey@yopmail.com
204,Susan,Garlinda,Susan.Garlinda@yopmail.com
205,Carolina,Sparhawk,Carolina.Sparhawk@yopmail.com
206,Lynnea,Sikorski,Lynnea.Sikorski@yopmail.com
207,Roseline,Leary,Roseline.Leary@yopmail.com
208,Arlena,Keily,Arlena.Keily@yopmail.com
209,Yolane,Carri,Yolane.Carri@yopmail.com
210,Corry,McClimans,Corry.McClimans@yopmail.com
211,Tybie,Sandye,Tybie.Sandye@yopmail.com
212,Amara,Sawtelle,Amara.Sawtelle@yopmail.com
213,Gilda,Weaks,Gilda.Weaks@yopmail.com
214,Fidelia,Buckler,Fidelia.Buckler@yopmail.com
215,Di,Lowry,Di.Lowry@yopmail.com
216,Priscilla,Mathilde,Priscilla.Mathilde@yopmail.com
217,Monika,Fulmer,Monika.Fulmer@yopmail.com
218,Korrie,Pattin,Korrie.Pattin@yopmail.com
219,Etta,Joeann,Etta.Joeann@yopmail.com
220,Eve,Keily,Eve.Keily@yopmail.com
221,Sue,Guildroy,Sue.Guildroy@yopmail.com
222,Maisey,Flyn,Maisey.Flyn@yopmail.com
223,Maisey,Goldina,Maisey.Goldina@yopmail.com
224,Melina,Han,Melina.Han@yopmail.com
225,Feliza,Curren,Feliza.Curren@yopmail.com
226,Rivalee,Loring,Rivalee.Loring@yopmail.com
227,Frank,Desai,Frank.Desai@yopmail.com
228,Etta,Septima,Etta.Septima@yopmail.com
229,Minda,Pattin,Minda.Pattin@yopmail.com
230,Estell,Crudden,Estell.Crudden@yopmail.com
231,Chickie,Fiester,Chickie.Fiester@yopmail.com
232,Kore,Merriott,Kore.Merriott@yopmail.com
233,Robinia,Earlie,Robinia.Earlie@yopmail.com
234,Corry,Neils,Corry.Neils@yopmail.com
235,Roxane,Koehler,Roxane.Koehler@yopmail.com
236,Carree,Brotherson,Carree.Brotherson@yopmail.com
237,Abbie,Thunell,Abbie.Thunell@yopmail.com
238,Sara-Ann,Amadas,Sara-Ann.Amadas@yopmail.com
239,Annice,Gino,Annice.Gino@yopmail.com
240,Bibby,Tannie,Bibby.Tannie@yopmail.com
241,Gale,Pattin,Gale.Pattin@yopmail.com
242,Janey,Bearnard,Janey.Bearnard@yopmail.com
243,Michaelina,Goerke,Michaelina.Goerke@yopmail.com
244,Stephanie,Japeth,Stephanie.Japeth@yopmail.com
245,Agathe,Shaddock,Agathe.Shaddock@yopmail.com
246,Meghann,Azeria,Meghann.Azeria@yopmail.com
247,Mildrid,Dorine,Mildrid.Dorine@yopmail.com
248,Benita,Ashok,Benita.Ashok@yopmail.com
249,Rori,Bashemeth,Rori.Bashemeth@yopmail.com
250,Ivett,Gaal,Ivett.Gaal@yopmail.com
251,Gianina,Bevin,Gianina.Bevin@yopmail.com
252,Sashenka,Pernick,Sashenka.Pernick@yopmail.com
253,Brooks,Chem,Brooks.Chem@yopmail.com
254,Heddie,Ethban,Heddie.Ethban@yopmail.com
255,Ileana,Mullane,Ileana.Mullane@yopmail.com
256,Leona,Othilia,Leona.Othilia@yopmail.com
257,Marnia,Love,Marnia.Love@yopmail.com
258,Shandie,Dawkins,Shandie.Dawkins@yopmail.com
259,Sybille,Esmaria,Sybille.Esmaria@yopmail.com
260,Christy,Cordi,Christy.Cordi@yopmail.com
261,Carree,Pozzy,Carree.Pozzy@yopmail.com
262,Susette,Jalbert,Susette.Jalbert@yopmail.com
263,Roz,Erich,Roz.Erich@yopmail.com
264,Janeczka,Kinnard,Janeczka.Kinnard@yopmail.com
265,Phylis,Calhoun,Phylis.Calhoun@yopmail.com
266,Jillayne,Sigfrid,Jillayne.Sigfrid@yopmail.com
267,Margette,Belldas,Margette.Belldas@yopmail.com
268,Lynnea,Arquit,Lynnea.Arquit@yopmail.com
269,Etta,Ambrosia,Etta.Ambrosia@yopmail.com
270,Frieda,Bonilla,Frieda.Bonilla@yopmail.com
271,Joeann,Ball,Joeann.Ball@yopmail.com
272,Bettine,Duwalt,Bettine.Duwalt@yopmail.com
273,Jinny,Klotz,Jinny.Klotz@yopmail.com
274,Nicoli,Doig,Nicoli.Doig@yopmail.com
275,Vonny,Lissi,Vonny.Lissi@yopmail.com
276,Ketti,Monk,Ketti.Monk@yopmail.com
277,Kelly,O'Neill,Kelly.O'Neill@yopmail.com
278,Alyssa,Abram,Alyssa.Abram@yopmail.com
279,Brietta,Socha,Brietta.Socha@yopmail.com
280,Consuela,Annabella,Consuela.Annabella@yopmail.com
281,Desirae,Primalia,Desirae.Primalia@yopmail.com
282,Marleah,Maiah,Marleah.Maiah@yopmail.com
283,Renae,Gaynor,Renae.Gaynor@yopmail.com
284,Zsa Zsa,Natica,Zsa Zsa.Natica@yopmail.com
285,Brynna,Ahab,Brynna.Ahab@yopmail.com
286,Annecorinne,Papageno,Annecorinne.Papageno@yopmail.com
287,Genovera,Chrystel,Genovera.Chrystel@yopmail.com
288,Kenna,Kesley,Kenna.Kesley@yopmail.com
289,Laure,Lumbard,Laure.Lumbard@yopmail.com
290,Fernande,Nelsen,Fernande.Nelsen@yopmail.com
291,Sheelagh,Fancie,Sheelagh.Fancie@yopmail.com
292,Elsie,Bivins,Elsie.Bivins@yopmail.com
293,Merrie,Kellby,Merrie.Kellby@yopmail.com
294,Ricky,Israeli,Ricky.Israeli@yopmail.com
295,Taffy,Ciro,Taffy.Ciro@yopmail.com
296,Dode,Haymes,Dode.Haymes@yopmail.com
297,Doralynne,Dowski,Doralynne.Dowski@yopmail.com
298,Anallese,Auberbach,Anallese.Auberbach@yopmail.com
299,Tami,Georgy,Tami.Georgy@yopmail.com
300,Hayley,Stuart,Hayley.Stuart@yopmail.com
301,Alleen,Cyrie,Alleen.Cyrie@yopmail.com
302,Cristine,Aurelio,Cristine.Aurelio@yopmail.com
303,Siana,Oneida,Siana.Oneida@yopmail.com
304,Suzette,Anton,Suzette.Anton@yopmail.com
305,Marguerite,Silvan,Marguerite.Silvan@yopmail.com
306,Chloris,Hazlett,Chloris.Hazlett@yopmail.com
307,Monika,Larochelle,Monika.Larochelle@yopmail.com
308,Morganica,Buttaro,Morganica.Buttaro@yopmail.com
309,Blinni,Kermit,Blinni.Kermit@yopmail.com
310,Angela,Kristi,Angela.Kristi@yopmail.com
311,Roz,Oster,Roz.Oster@yopmail.com
312,Vere,Brunell,Vere.Brunell@yopmail.com
313,Kore,Genna,Kore.Genna@yopmail.com
314,Ariela,Ietta,Ariela.Ietta@yopmail.com
315,Chere,Dom,Chere.Dom@yopmail.com
316,Elvira,Maroney,Elvira.Maroney@yopmail.com
317,Helena,Rosemary,Helena.Rosemary@yopmail.com
318,Larine,Vivle,Larine.Vivle@yopmail.com
319,Willetta,Quent,Willetta.Quent@yopmail.com
320,Florie,Delp,Florie.Delp@yopmail.com
321,Jinny,Fiester,Jinny.Fiester@yopmail.com
322,Grier,Ummersen,Grier.Ummersen@yopmail.com
323,Chloris,Ferrell,Chloris.Ferrell@yopmail.com
324,Coral,Armanda,Coral.Armanda@yopmail.com
325,Doralynne,Chem,Doralynne.Chem@yopmail.com
326,Starla,Bari,Starla.Bari@yopmail.com
327,Noelle,Hailee,Noelle.Hailee@yopmail.com
328,Joeann,Jerald,Joeann.Jerald@yopmail.com
329,Nadine,Rossner,Nadine.Rossner@yopmail.com
330,Karlee,Creamer,Karlee.Creamer@yopmail.com
331,Roberta,Keelia,Roberta.Keelia@yopmail.com
332,Rayna,Thar,Rayna.Thar@yopmail.com
333,Kara-Lynn,Goddard,Kara-Lynn.Goddard@yopmail.com
334,Sallie,Alice,Sallie.Alice@yopmail.com
335,Zondra,Mike,Zondra.Mike@yopmail.com
336,Tori,Zeeba,Tori.Zeeba@yopmail.com
337,Bernardine,Stuart,Bernardine.Stuart@yopmail.com
338,Molli,Zaslow,Molli.Zaslow@yopmail.com
339,Penelopa,Kathie,Penelopa.Kathie@yopmail.com
340,Valli,Rese,Valli.Rese@yopmail.com
341,Gianina,Ingra,Gianina.Ingra@yopmail.com
342,Sophia,Bertold,Sophia.Bertold@yopmail.com
343,Collen,LaRue,Collen.LaRue@yopmail.com
344,Hollie,Calhoun,Hollie.Calhoun@yopmail.com
345,Vevay,Holbrook,Vevay.Holbrook@yopmail.com
346,Sybille,McClimans,Sybille.McClimans@yopmail.com
347,Karlee,Georas,Karlee.Georas@yopmail.com
348,Pierette,Atcliffe,Pierette.Atcliffe@yopmail.com
349,Sissy,Auberbach,Sissy.Auberbach@yopmail.com
350,Sissy,Yorick,Sissy.Yorick@yopmail.com
351,Roslyn,Gunn,Roslyn.Gunn@yopmail.com
352,Gilda,Infield,Gilda.Infield@yopmail.com
353,Misha,Malina,Misha.Malina@yopmail.com
354,Penelopa,Yerkovich,Penelopa.Yerkovich@yopmail.com
355,Nikki,Hull,Nikki.Hull@yopmail.com
356,Dacia,LaRue,Dacia.LaRue@yopmail.com
357,Winny,Kravits,Winny.Kravits@yopmail.com
358,Lindie,Kaja,Lindie.Kaja@yopmail.com
359,Kore,Linskey,Kore.Linskey@yopmail.com
360,Kaia,Taam,Kaia.Taam@yopmail.com
361,Carly,Janene,Carly.Janene@yopmail.com
362,Althea,Santoro,Althea.Santoro@yopmail.com
363,Gilda,Thilda,Gilda.Thilda@yopmail.com
364,Ricky,Darrell,Ricky.Darrell@yopmail.com
365,Laurene,Garek,Laurene.Garek@yopmail.com
366,Mellicent,Viddah,Mellicent.Viddah@yopmail.com
367,Ebonee,Kendrick,Ebonee.Kendrick@yopmail.com
368,Minda,Rugen,Minda.Rugen@yopmail.com
369,Pierette,Bari,Pierette.Bari@yopmail.com
370,Libbie,Wyn,Libbie.Wyn@yopmail.com
371,Latisha,Percy,Latisha.Percy@yopmail.com
372,Emylee,Redmond,Emylee.Redmond@yopmail.com
373,Bertine,Aprile,Bertine.Aprile@yopmail.com
374,Jaclyn,Schlosser,Jaclyn.Schlosser@yopmail.com
375,Rhea,Viddah,Rhea.Viddah@yopmail.com
376,Neila,Sprage,Neila.Sprage@yopmail.com
377,Cam,Dorothy,Cam.Dorothy@yopmail.com
378,Raina,Fabiola,Raina.Fabiola@yopmail.com
379,Ivett,Milson,Ivett.Milson@yopmail.com
380,Oona,Chesna,Oona.Chesna@yopmail.com
381,Sallie,Plato,Sallie.Plato@yopmail.com
382,Ketti,Infield,Ketti.Infield@yopmail.com
383,Talya,Bettine,Talya.Bettine@yopmail.com
384,Brietta,Pattin,Brietta.Pattin@yopmail.com
385,Amalie,Stephie,Amalie.Stephie@yopmail.com
386,Misha,Garek,Misha.Garek@yopmail.com
387,Frances,McGrody,Frances.McGrody@yopmail.com
388,Loree,Elvyn,Loree.Elvyn@yopmail.com
389,Alia,Wesle,Alia.Wesle@yopmail.com
390,Blondelle,Iphlgenia,Blondelle.Iphlgenia@yopmail.com
391,Estell,Zuzana,Estell.Zuzana@yopmail.com
392,Jenilee,Greyson,Jenilee.Greyson@yopmail.com
393,Stephanie,Agle,Stephanie.Agle@yopmail.com
394,Robinia,Cecile,Robinia.Cecile@yopmail.com
395,Shirlee,Bonucci,Shirlee.Bonucci@yopmail.com
396,Fanchon,Bennie,Fanchon.Bennie@yopmail.com
397,Zaria,Durware,Zaria.Durware@yopmail.com
398,Ricky,Amand,Ricky.Amand@yopmail.com
399,Wendi,Richers,Wendi.Richers@yopmail.com
400,Grier,Gaulin,Grier.Gaulin@yopmail.com
401,Asia,Bendick,Asia.Bendick@yopmail.com
402,Konstance,Ricki,Konstance.Ricki@yopmail.com
403,Sharlene,Luhe,Sharlene.Luhe@yopmail.com
404,Mady,Yuille,Mady.Yuille@yopmail.com
405,Dode,Vilma,Dode.Vilma@yopmail.com
406,Nonnah,Mullane,Nonnah.Mullane@yopmail.com
407,Fred,Stover,Fred.Stover@yopmail.com
408,Karly,McGrody,Karly.McGrody@yopmail.com
409,Tracey,Martguerita,Tracey.Martguerita@yopmail.com
410,Candi,Bohlin,Candi.Bohlin@yopmail.com
411,Blinni,Zamora,Blinni.Zamora@yopmail.com
412,Chickie,Hazlett,Chickie.Hazlett@yopmail.com
413,Konstance,Dichy,Konstance.Dichy@yopmail.com
414,Lory,Kosey,Lory.Kosey@yopmail.com
415,Ninnetta,Old,Ninnetta.Old@yopmail.com
416,Mamie,Prouty,Mamie.Prouty@yopmail.com
417,Hallie,Wu,Hallie.Wu@yopmail.com
418,Vonny,Hathaway,Vonny.Hathaway@yopmail.com
419,Kayla,Emmy,Kayla.Emmy@yopmail.com
420,Gianina,Merna,Gianina.Merna@yopmail.com
421,Dennie,Emmaline,Dennie.Emmaline@yopmail.com
422,Devina,Lilas,Devina.Lilas@yopmail.com
423,Alia,Elephus,Alia.Elephus@yopmail.com
424,Shandie,Koziara,Shandie.Koziara@yopmail.com
425,Myriam,Philoo,Myriam.Philoo@yopmail.com
426,Jenda,Montgomery,Jenda.Montgomery@yopmail.com
427,Madeleine,Kussell,Madeleine.Kussell@yopmail.com
428,Jacenta,Tarrant,Jacenta.Tarrant@yopmail.com
429,Fanchon,Eachern,Fanchon.Eachern@yopmail.com
430,Concettina,Libna,Concettina.Libna@yopmail.com
431,Gui,Modie,Gui.Modie@yopmail.com
432,Libbie,Burnside,Libbie.Burnside@yopmail.com
433,Nonnah,Delila,Nonnah.Delila@yopmail.com
434,Lorenza,Gaynor,Lorenza.Gaynor@yopmail.com
435,Dale,Lewes,Dale.Lewes@yopmail.com
436,Frank,Zeeba,Frank.Zeeba@yopmail.com
437,Joceline,Ursulette,Joceline.Ursulette@yopmail.com
438,Selia,Toni,Selia.Toni@yopmail.com
439,Aimil,Andrel,Aimil.Andrel@yopmail.com
440,Ericka,Ortrude,Ericka.Ortrude@yopmail.com
441,Lita,Swanhildas,Lita.Swanhildas@yopmail.com
442,Merry,Henebry,Merry.Henebry@yopmail.com
443,Marcy,Vacuva,Marcy.Vacuva@yopmail.com
444,Annaliese,Gaulin,Annaliese.Gaulin@yopmail.com
445,Ilse,Gamaliel,Ilse.Gamaliel@yopmail.com
446,Hannis,Madox,Hannis.Madox@yopmail.com
447,Misha,Ferrell,Misha.Ferrell@yopmail.com
448,Elora,Hermes,Elora.Hermes@yopmail.com
449,Bertine,Clywd,Bertine.Clywd@yopmail.com
450,Heddie,Edvard,Heddie.Edvard@yopmail.com
451,Pearline,Chapland,Pearline.Chapland@yopmail.com
452,Cyb,Burkle,Cyb.Burkle@yopmail.com
453,Netty,Moseley,Netty.Moseley@yopmail.com
454,Ilse,Felecia,Ilse.Felecia@yopmail.com
455,Gaylene,Robertson,Gaylene.Robertson@yopmail.com
456,Esmeralda,Dannye,Esmeralda.Dannye@yopmail.com
457,Marcy,Sophronia,Marcy.Sophronia@yopmail.com
458,Doralynne,Harl,Doralynne.Harl@yopmail.com
459,Rosene,Anestassia,Rosene.Anestassia@yopmail.com
460,Elfreda,Stuart,Elfreda.Stuart@yopmail.com
461,Donetta,Bennie,Donetta.Bennie@yopmail.com
462,Aryn,Evangelia,Aryn.Evangelia@yopmail.com
463,Peri,Uund,Peri.Uund@yopmail.com
464,Queenie,Haldas,Queenie.Haldas@yopmail.com
465,Chrystel,Berard,Chrystel.Berard@yopmail.com
466,Carree,Cynar,Carree.Cynar@yopmail.com
467,Annecorinne,Jefferey,Annecorinne.Jefferey@yopmail.com
468,Dione,Revkah,Dione.Revkah@yopmail.com
469,Philis,Sawtelle,Philis.Sawtelle@yopmail.com
470,Lesly,Garbe,Lesly.Garbe@yopmail.com
471,Demetris,Velick,Demetris.Velick@yopmail.com
472,Elora,Rosemary,Elora.Rosemary@yopmail.com
473,Aili,Ventre,Aili.Ventre@yopmail.com
474,Margette,Wesle,Margette.Wesle@yopmail.com
475,Dianemarie,Ferrell,Dianemarie.Ferrell@yopmail.com
476,Rochette,Laurianne,Rochette.Laurianne@yopmail.com
477,Caressa,Herrera,Caressa.Herrera@yopmail.com
478,Mariele,Judye,Mariele.Judye@yopmail.com
479,Lauryn,Karl,Lauryn.Karl@yopmail.com
480,Gabriellia,Darbie,Gabriellia.Darbie@yopmail.com
481,Kirstin,Etom,Kirstin.Etom@yopmail.com
482,Taffy,Olympium,Taffy.Olympium@yopmail.com
483,Leona,Jerald,Leona.Jerald@yopmail.com
484,Ann-Marie,Breed,Ann-Marie.Breed@yopmail.com
485,Sissy,Bari,Sissy.Bari@yopmail.com
486,Shauna,Ioab,Shauna.Ioab@yopmail.com
487,Valli,Blisse,Valli.Blisse@yopmail.com
488,Christy,O'Carroll,Christy.O'Carroll@yopmail.com
489,Blake,Belldas,Blake.Belldas@yopmail.com
490,Adriana,Gherardo,Adriana.Gherardo@yopmail.com
491,Selma,McCutcheon,Selma.McCutcheon@yopmail.com
492,Lanae,Judye,Lanae.Judye@yopmail.com
493,Trixi,Carmena,Trixi.Carmena@yopmail.com
494,Nataline,Dituri,Nataline.Dituri@yopmail.com
495,Collen,Ophelia,Collen.Ophelia@yopmail.com
496,Wendi,Gilmour,Wendi.Gilmour@yopmail.com
497,Myrtice,Bebe,Myrtice.Bebe@yopmail.com
498,Joleen,Sophronia,Joleen.Sophronia@yopmail.com
499,Ginnie,Doig,Ginnie.Doig@yopmail.com
500,Tera,Linehan,Tera.Linehan@yopmail.com
501,Olwen,Uund,Olwen.Uund@yopmail.com
502,Madelle,Westphal,Madelle.Westphal@yopmail.com
503,Allis,Urias,Allis.Urias@yopmail.com
504,Ebonee,Bari,Ebonee.Bari@yopmail.com
505,Silvana,Zachary,Silvana.Zachary@yopmail.com
506,Evita,Silvan,Evita.Silvan@yopmail.com
507,Dorthy,Noman,Dorthy.Noman@yopmail.com
508,Danny,Hachmin,Danny.Hachmin@yopmail.com
509,Kirbee,Calhoun,Kirbee.Calhoun@yopmail.com
510,Nickie,Kiersten,Nickie.Kiersten@yopmail.com
511,Doralynne,Rolf,Doralynne.Rolf@yopmail.com
512,Loree,Lutero,Loree.Lutero@yopmail.com
513,Gusella,Eno,Gusella.Eno@yopmail.com
514,Lynnea,Bennie,Lynnea.Bennie@yopmail.com
515,Delilah,Liebermann,Delilah.Liebermann@yopmail.com
516,Mathilda,Torray,Mathilda.Torray@yopmail.com
517,Bettine,Huggins,Bettine.Huggins@yopmail.com
518,Myrtice,Oriana,Myrtice.Oriana@yopmail.com
519,Roberta,My,Roberta.My@yopmail.com
520,Regina,Roumell,Regina.Roumell@yopmail.com
521,Elka,Juan,Elka.Juan@yopmail.com
522,Mildrid,Brandice,Mildrid.Brandice@yopmail.com
523,Agathe,Eldrid,Agathe.Eldrid@yopmail.com
524,Ashlee,Annabella,Ashlee.Annabella@yopmail.com
525,Emilia,Zetta,Emilia.Zetta@yopmail.com
526,Michaelina,Gale,Michaelina.Gale@yopmail.com
527,Neila,Heisel,Neila.Heisel@yopmail.com
528,Doro,Brodench,Doro.Brodench@yopmail.com
529,Ayn,Garek,Ayn.Garek@yopmail.com
530,Penelopa,Borrell,Penelopa.Borrell@yopmail.com
531,Blinni,Fitzsimmons,Blinni.Fitzsimmons@yopmail.com
532,Ileana,Merriott,Ileana.Merriott@yopmail.com
533,Sharlene,Kiersten,Sharlene.Kiersten@yopmail.com
534,Neila,Pyle,Neila.Pyle@yopmail.com
535,Annora,Jillane,Annora.Jillane@yopmail.com
536,Sara-Ann,Wadell,Sara-Ann.Wadell@yopmail.com
537,Fidelia,Socha,Fidelia.Socha@yopmail.com
538,Sashenka,Fry,Sashenka.Fry@yopmail.com
539,Carmela,Fancie,Carmela.Fancie@yopmail.com
540,Korrie,Glovsky,Korrie.Glovsky@yopmail.com
541,Nataline,Rosette,Nataline.Rosette@yopmail.com
542,Letizia,Margret,Letizia.Margret@yopmail.com
543,Dawn,Teryn,Dawn.Teryn@yopmail.com
544,Dominga,Ventre,Dominga.Ventre@yopmail.com
545,Alisha,Elephus,Alisha.Elephus@yopmail.com
546,Lory,Wu,Lory.Wu@yopmail.com
547,Codie,Bandeen,Codie.Bandeen@yopmail.com
548,Elena,McGrody,Elena.McGrody@yopmail.com
549,Gretal,Merell,Gretal.Merell@yopmail.com
550,Maisey,Pyle,Maisey.Pyle@yopmail.com
551,Adriana,Delp,Adriana.Delp@yopmail.com
552,Elsie,Lucienne,Elsie.Lucienne@yopmail.com
553,Daphne,Lareena,Daphne.Lareena@yopmail.com
554,Cyb,Docilla,Cyb.Docilla@yopmail.com
555,Merry,Revkah,Merry.Revkah@yopmail.com
556,Asia,Riordan,Asia.Riordan@yopmail.com
557,Danika,Quinn,Danika.Quinn@yopmail.com
558,Trudie,Erb,Trudie.Erb@yopmail.com
559,Dennie,Ruvolo,Dennie.Ruvolo@yopmail.com
560,Gretal,Pelagias,Gretal.Pelagias@yopmail.com
561,Cacilie,Camden,Cacilie.Camden@yopmail.com
562,Ingrid,Harl,Ingrid.Harl@yopmail.com
563,Ekaterina,Sallyann,Ekaterina.Sallyann@yopmail.com
564,Therine,Love,Therine.Love@yopmail.com
565,Winny,Dreda,Winny.Dreda@yopmail.com
566,Frances,Lipson,Frances.Lipson@yopmail.com
567,Antonietta,Ovid,Antonietta.Ovid@yopmail.com
568,Sam,Gibbeon,Sam.Gibbeon@yopmail.com
569,Sandie,Dash,Sandie.Dash@yopmail.com
570,Kirbee,Tarrant,Kirbee.Tarrant@yopmail.com
571,Maurene,Adrienne,Maurene.Adrienne@yopmail.com
572,Frances,Korey,Frances.Korey@yopmail.com
573,Donetta,Kauppi,Donetta.Kauppi@yopmail.com
574,Nicoli,Seligman,Nicoli.Seligman@yopmail.com
575,Gisela,Hanshaw,Gisela.Hanshaw@yopmail.com
576,Ardys,Ortrude,Ardys.Ortrude@yopmail.com
577,Gusella,Ailyn,Gusella.Ailyn@yopmail.com
578,Brynna,Guildroy,Brynna.Guildroy@yopmail.com
579,Yolane,Kevon,Yolane.Kevon@yopmail.com
580,Melina,Revkah,Melina.Revkah@yopmail.com
581,Leeanne,Trace,Leeanne.Trace@yopmail.com
582,Consuela,Yusuk,Consuela.Yusuk@yopmail.com
583,Charissa,McAdams,Charissa.McAdams@yopmail.com
584,Amalie,Raffo,Amalie.Raffo@yopmail.com
585,Fernande,McNully,Fernande.McNully@yopmail.com
586,Viki,Kristi,Viki.Kristi@yopmail.com
587,Carree,Daegal,Carree.Daegal@yopmail.com
588,Brana,Redmond,Brana.Redmond@yopmail.com
589,Karina,Sisile,Karina.Sisile@yopmail.com
590,Jany,Hortensia,Jany.Hortensia@yopmail.com
591,Edith,Malina,Edith.Malina@yopmail.com
592,Shel,Dearborn,Shel.Dearborn@yopmail.com
593,Hayley,Lorenz,Hayley.Lorenz@yopmail.com
594,Annaliese,Saree,Annaliese.Saree@yopmail.com
595,Zsa Zsa,Bari,Zsa Zsa.Bari@yopmail.com
596,Celisse,Shaver,Celisse.Shaver@yopmail.com
597,Eolanda,Sheng,Eolanda.Sheng@yopmail.com
598,Giustina,Fancie,Giustina.Fancie@yopmail.com
599,Chandra,Alrich,Chandra.Alrich@yopmail.com
600,Aimil,Suzetta,Aimil.Suzetta@yopmail.com
601,Pearline,Carri,Pearline.Carri@yopmail.com
602,Barbi,Percy,Barbi.Percy@yopmail.com
603,Marcelline,Keelia,Marcelline.Keelia@yopmail.com
604,Raf,McCutcheon,Raf.McCutcheon@yopmail.com
605,Hermione,Rubie,Hermione.Rubie@yopmail.com
606,Sabina,Rosemary,Sabina.Rosemary@yopmail.com
607,Tersina,Linskey,Tersina.Linskey@yopmail.com
608,Karlee,Meli,Karlee.Meli@yopmail.com
609,Annice,Cyrie,Annice.Cyrie@yopmail.com
610,Selia,Katrine,Selia.Katrine@yopmail.com
611,Sam,Florina,Sam.Florina@yopmail.com
612,Gabriellia,Pyle,Gabriellia.Pyle@yopmail.com
613,Rebeca,Winnick,Rebeca.Winnick@yopmail.com
614,Renie,Pulsifer,Renie.Pulsifer@yopmail.com
615,Livvyy,Decato,Livvyy.Decato@yopmail.com
616,Donnie,Faria,Donnie.Faria@yopmail.com
617,Merci,Torray,Merci.Torray@yopmail.com
618,Trixi,Oriana,Trixi.Oriana@yopmail.com
619,Alie,Podvin,Alie.Podvin@yopmail.com
620,Kary,Telfer,Kary.Telfer@yopmail.com
621,Fernande,Pandolfi,Fernande.Pandolfi@yopmail.com
622,Jinny,Stav,Jinny.Stav@yopmail.com
623,Cassondra,Vins,Cassondra.Vins@yopmail.com
624,Daune,Wildermuth,Daune.Wildermuth@yopmail.com
625,Henriette,Janith,Henriette.Janith@yopmail.com
626,Camile,Jammal,Camile.Jammal@yopmail.com
627,Delilah,Montgomery,Delilah.Montgomery@yopmail.com
628,Selma,Verger,Selma.Verger@yopmail.com
629,Stevana,Henrie,Stevana.Henrie@yopmail.com
630,Hannis,Wyn,Hannis.Wyn@yopmail.com
631,Coral,Raama,Coral.Raama@yopmail.com
632,Cathie,Naashom,Cathie.Naashom@yopmail.com
633,Sue,Adrienne,Sue.Adrienne@yopmail.com
634,Stephanie,Dash,Stephanie.Dash@yopmail.com
635,Isa,Hylan,Isa.Hylan@yopmail.com
636,Jordan,Loring,Jordan.Loring@yopmail.com
637,Courtnay,Marijo,Courtnay.Marijo@yopmail.com
638,Heida,Duwalt,Heida.Duwalt@yopmail.com
639,Gerianna,Sibyls,Gerianna.Sibyls@yopmail.com
640,Alex,Mallon,Alex.Mallon@yopmail.com
641,Eadie,Wattenberg,Eadie.Wattenberg@yopmail.com
642,Kassey,Liebermann,Kassey.Liebermann@yopmail.com
643,Andree,Suk,Andree.Suk@yopmail.com
644,Elena,Richers,Elena.Richers@yopmail.com
645,Courtnay,Wittie,Courtnay.Wittie@yopmail.com
646,Leona,Ralfston,Leona.Ralfston@yopmail.com
647,Inga,Bibi,Inga.Bibi@yopmail.com
648,Dagmar,Suzetta,Dagmar.Suzetta@yopmail.com
649,Debee,Kenwood,Debee.Kenwood@yopmail.com
650,Willetta,Sparhawk,Willetta.Sparhawk@yopmail.com
651,Aubrie,Carolin,Aubrie.Carolin@yopmail.com
652,Lonnie,Cohdwell,Lonnie.Cohdwell@yopmail.com
653,Susan,Christal,Susan.Christal@yopmail.com
654,Emelina,Kimmie,Emelina.Kimmie@yopmail.com
655,Aili,Marcellus,Aili.Marcellus@yopmail.com
656,Mady,Marcellus,Mady.Marcellus@yopmail.com
657,Kylynn,Maryanne,Kylynn.Maryanne@yopmail.com
658,Devina,Hoenack,Devina.Hoenack@yopmail.com
659,Bernie,Brenn,Bernie.Brenn@yopmail.com
660,Tilly,Nahum,Tilly.Nahum@yopmail.com
661,Dolli,Anderea,Dolli.Anderea@yopmail.com
662,Neila,Tremayne,Neila.Tremayne@yopmail.com
663,Juliane,Pip,Juliane.Pip@yopmail.com
664,Aurelie,Jalbert,Aurelie.Jalbert@yopmail.com
665,Kial,Autrey,Kial.Autrey@yopmail.com
666,Ardenia,Ventre,Ardenia.Ventre@yopmail.com
667,Joelly,Othilia,Joelly.Othilia@yopmail.com
668,Rosene,Lynn,Rosene.Lynn@yopmail.com
669,Jemie,Alva,Jemie.Alva@yopmail.com
670,Trixi,Hollingsworth,Trixi.Hollingsworth@yopmail.com
671,Cissiee,Zamora,Cissiee.Zamora@yopmail.com
672,Zia,Wildermuth,Zia.Wildermuth@yopmail.com
673,Camile,Olin,Camile.Olin@yopmail.com
674,Caritta,Jefferey,Caritta.Jefferey@yopmail.com
675,Ardeen,Carri,Ardeen.Carri@yopmail.com
676,Lauryn,Rogerio,Lauryn.Rogerio@yopmail.com
677,Rosene,Devlen,Rosene.Devlen@yopmail.com
678,Molli,Liebermann,Molli.Liebermann@yopmail.com
679,Susette,Alarise,Susette.Alarise@yopmail.com
680,Kristina,Ackerley,Kristina.Ackerley@yopmail.com
681,Ebonee,Gabrielli,Ebonee.Gabrielli@yopmail.com
682,Ardenia,Modie,Ardenia.Modie@yopmail.com
683,Tarra,Bouchard,Tarra.Bouchard@yopmail.com
684,Ekaterina,Woodberry,Ekaterina.Woodberry@yopmail.com
685,Ezmeralda,Stefa,Ezmeralda.Stefa@yopmail.com
686,Beatriz,Matthew,Beatriz.Matthew@yopmail.com
687,Jackie,Lay,Jackie.Lay@yopmail.com
688,Frank,Brieta,Frank.Brieta@yopmail.com
689,Dominga,Jalbert,Dominga.Jalbert@yopmail.com
690,Blinni,Allare,Blinni.Allare@yopmail.com
691,Benita,Germann,Benita.Germann@yopmail.com
692,Donetta,Sandye,Donetta.Sandye@yopmail.com
693,Caryl,Han,Caryl.Han@yopmail.com
694,Allis,Colleen,Allis.Colleen@yopmail.com
695,Kelly,Stoller,Kelly.Stoller@yopmail.com
696,Marcelline,Peg,Marcelline.Peg@yopmail.com
697,Darlleen,Berl,Darlleen.Berl@yopmail.com
698,Angelique,Justinn,Angelique.Justinn@yopmail.com
699,Aimil,Ovid,Aimil.Ovid@yopmail.com
700,Brooks,Ephrem,Brooks.Ephrem@yopmail.com
701,Roseline,Newell,Roseline.Newell@yopmail.com
702,Paule,Zola,Paule.Zola@yopmail.com
703,Linzy,Tamar,Linzy.Tamar@yopmail.com
704,Tonia,Knowling,Tonia.Knowling@yopmail.com
705,Gretal,Tamsky,Gretal.Tamsky@yopmail.com
706,Merrie,Lilybelle,Merrie.Lilybelle@yopmail.com
707,Elfreda,Lacombe,Elfreda.Lacombe@yopmail.com
708,Lenna,Barrus,Lenna.Barrus@yopmail.com
709,Misha,Yate,Misha.Yate@yopmail.com
710,Therine,Hortensia,Therine.Hortensia@yopmail.com
711,Zia,Ovid,Zia.Ovid@yopmail.com
712,Andeee,Chapland,Andeee.Chapland@yopmail.com
713,Tiffie,Johnsson,Tiffie.Johnsson@yopmail.com
714,Ana,Nedrud,Ana.Nedrud@yopmail.com
715,Angela,Craggie,Angela.Craggie@yopmail.com
716,Janis,Pierette,Janis.Pierette@yopmail.com
717,Jerry,Burkle,Jerry.Burkle@yopmail.com
718,Bernardine,August,Bernardine.August@yopmail.com
719,Gertrud,Naor,Gertrud.Naor@yopmail.com
720,Renae,Heidt,Renae.Heidt@yopmail.com
721,Flory,Aloise,Flory.Aloise@yopmail.com
722,Carree,Shama,Carree.Shama@yopmail.com
723,Wendi,Chem,Wendi.Chem@yopmail.com
724,Steffane,Morgun,Steffane.Morgun@yopmail.com
725,Sashenka,Joni,Sashenka.Joni@yopmail.com
726,Allis,Edison,Allis.Edison@yopmail.com
727,Selma,Naashom,Selma.Naashom@yopmail.com
728,Sherrie,Chabot,Sherrie.Chabot@yopmail.com
729,Etta,Dalli,Etta.Dalli@yopmail.com
730,Heida,Birdella,Heida.Birdella@yopmail.com
731,Jean,Sekofski,Jean.Sekofski@yopmail.com
732,Vere,Bury,Vere.Bury@yopmail.com
733,Chere,Tice,Chere.Tice@yopmail.com
734,Rochette,Sawtelle,Rochette.Sawtelle@yopmail.com
735,Josephine,Jenness,Josephine.Jenness@yopmail.com
736,Ninnetta,Deegan,Ninnetta.Deegan@yopmail.com
737,Corly,Goode,Corly.Goode@yopmail.com
738,Monika,Leary,Monika.Leary@yopmail.com
739,Laurene,Helfand,Laurene.Helfand@yopmail.com
740,Bee,Atonsah,Bee.Atonsah@yopmail.com
741,Myrtice,Chandler,Myrtice.Chandler@yopmail.com
742,Ileana,Fabiola,Ileana.Fabiola@yopmail.com
743,Sallie,Lail,Sallie.Lail@yopmail.com
744,Mireielle,Koziara,Mireielle.Koziara@yopmail.com
745,Di,McClimans,Di.McClimans@yopmail.com
746,Adore,Kamaria,Adore.Kamaria@yopmail.com
747,Keelia,Kauppi,Keelia.Kauppi@yopmail.com
748,Rosene,Evangelia,Rosene.Evangelia@yopmail.com
749,Cathyleen,Caitlin,Cathyleen.Caitlin@yopmail.com
750,Gretal,Jotham,Gretal.Jotham@yopmail.com
751,Andree,Estella,Andree.Estella@yopmail.com
752,Kittie,Fax,Kittie.Fax@yopmail.com
753,Cam,Michella,Cam.Michella@yopmail.com
754,Alexine,Moina,Alexine.Moina@yopmail.com
755,Devina,Ioab,Devina.Ioab@yopmail.com
756,Aubrie,Belanger,Aubrie.Belanger@yopmail.com
757,Jere,Roxanna,Jere.Roxanna@yopmail.com
758,Andeee,Devlen,Andeee.Devlen@yopmail.com
759,Meriel,Albertine,Meriel.Albertine@yopmail.com
760,Celestyna,Berl,Celestyna.Berl@yopmail.com
761,Adelle,Kussell,Adelle.Kussell@yopmail.com
762,Nataline,Sherrie,Nataline.Sherrie@yopmail.com
763,Antonietta,Reinke,Antonietta.Reinke@yopmail.com
764,Sherrie,Ashely,Sherrie.Ashely@yopmail.com
765,Lynea,Hourigan,Lynea.Hourigan@yopmail.com
766,Shaine,Durware,Shaine.Durware@yopmail.com
767,Merle,Lucienne,Merle.Lucienne@yopmail.com
768,Joceline,Catie,Joceline.Catie@yopmail.com
769,Maud,Swigart,Maud.Swigart@yopmail.com
770,Tori,Stacy,Tori.Stacy@yopmail.com
771,Tamqrah,Orelee,Tamqrah.Orelee@yopmail.com
772,Lucy,Merna,Lucy.Merna@yopmail.com
773,Paola,Swigart,Paola.Swigart@yopmail.com
774,Millie,Belldas,Millie.Belldas@yopmail.com
775,Grier,Noam,Grier.Noam@yopmail.com
776,Jackie,Jena,Jackie.Jena@yopmail.com
777,Basia,Sheedy,Basia.Sheedy@yopmail.com
778,Esmeralda,Travax,Esmeralda.Travax@yopmail.com
779,Maridel,Clywd,Maridel.Clywd@yopmail.com
780,Imojean,Sekofski,Imojean.Sekofski@yopmail.com
781,Rubie,Marden,Rubie.Marden@yopmail.com
782,Glynnis,Leopold,Glynnis.Leopold@yopmail.com
783,Georgetta,Dawkins,Georgetta.Dawkins@yopmail.com
784,Goldie,Sophronia,Goldie.Sophronia@yopmail.com
785,Mignon,Waldron,Mignon.Waldron@yopmail.com
786,Dari,Schroth,Dari.Schroth@yopmail.com
787,Janenna,Uund,Janenna.Uund@yopmail.com
788,Christian,Ephrem,Christian.Ephrem@yopmail.com
789,Amara,Anderea,Amara.Anderea@yopmail.com
790,Ida,Pettiford,Ida.Pettiford@yopmail.com
791,Mireielle,Sheedy,Mireielle.Sheedy@yopmail.com
792,Heida,Erich,Heida.Erich@yopmail.com
793,Karly,Lattie,Karly.Lattie@yopmail.com
794,Anallese,Clie,Anallese.Clie@yopmail.com
795,Marylou,Mozelle,Marylou.Mozelle@yopmail.com
796,Melanie,Zola,Melanie.Zola@yopmail.com
797,Tybie,Latini,Tybie.Latini@yopmail.com
798,Bettine,Lareena,Bettine.Lareena@yopmail.com
799,Aryn,Dominy,Aryn.Dominy@yopmail.com
800,Cecile,Lytton,Cecile.Lytton@yopmail.com
801,Millie,Schwejda,Millie.Schwejda@yopmail.com
802,Alex,Dituri,Alex.Dituri@yopmail.com
803,Elora,Tatianas,Elora.Tatianas@yopmail.com
804,Judy,Shanley,Judy.Shanley@yopmail.com
805,Feliza,Zetta,Feliza.Zetta@yopmail.com
806,Andeee,Anselmi,Andeee.Anselmi@yopmail.com
807,Allyce,Cleo,Allyce.Cleo@yopmail.com
808,Britte,Joli,Britte.Joli@yopmail.com
809,Ileana,Zenas,Ileana.Zenas@yopmail.com
810,Bobinette,Demitria,Bobinette.Demitria@yopmail.com
811,Amalie,Mathilde,Amalie.Mathilde@yopmail.com
812,Agnese,Gherardo,Agnese.Gherardo@yopmail.com
813,Delilah,Edison,Delilah.Edison@yopmail.com
814,Sabina,Tillford,Sabina.Tillford@yopmail.com
815,Blinni,Margret,Blinni.Margret@yopmail.com
816,Neila,Bertold,Neila.Bertold@yopmail.com
817,Miquela,Reidar,Miquela.Reidar@yopmail.com
818,Fredericka,Gabrielli,Fredericka.Gabrielli@yopmail.com
819,Lesly,Arquit,Lesly.Arquit@yopmail.com
820,Glenda,LaRue,Glenda.LaRue@yopmail.com
821,Carilyn,Rosemary,Carilyn.Rosemary@yopmail.com
822,Sibella,Nadia,Sibella.Nadia@yopmail.com
823,Augustine,Raama,Augustine.Raama@yopmail.com
824,Joeann,Adrienne,Joeann.Adrienne@yopmail.com
825,Tersina,Louanna,Tersina.Louanna@yopmail.com
826,Claresta,Lane,Claresta.Lane@yopmail.com
827,Ninnetta,Tjon,Ninnetta.Tjon@yopmail.com
828,Libbie,Juan,Libbie.Juan@yopmail.com
829,Belinda,Gladstone,Belinda.Gladstone@yopmail.com
830,Iseabal,Leopold,Iseabal.Leopold@yopmail.com
831,Hallie,Cloris,Hallie.Cloris@yopmail.com
832,Averyl,Hutchison,Averyl.Hutchison@yopmail.com
833,Lila,Rhu,Lila.Rhu@yopmail.com
834,Mary,Klemperer,Mary.Klemperer@yopmail.com
835,Maryellen,Eugenia,Maryellen.Eugenia@yopmail.com
836,Sallie,Hunfredo,Sallie.Hunfredo@yopmail.com
837,Cacilie,Jotham,Cacilie.Jotham@yopmail.com
838,Margalo,Vorster,Margalo.Vorster@yopmail.com
839,Merry,Kermit,Merry.Kermit@yopmail.com
840,Nyssa,Ietta,Nyssa.Ietta@yopmail.com
841,Sissy,Kelula,Sissy.Kelula@yopmail.com
842,Ariela,Maurine,Ariela.Maurine@yopmail.com
843,Dania,Rolf,Dania.Rolf@yopmail.com
844,Nyssa,Libna,Nyssa.Libna@yopmail.com
845,Clarice,Niccolo,Clarice.Niccolo@yopmail.com
846,Reeba,Moina,Reeba.Moina@yopmail.com
847,Mellicent,Zaslow,Mellicent.Zaslow@yopmail.com
848,Mignon,Lattie,Mignon.Lattie@yopmail.com
849,Ninnetta,Oneida,Ninnetta.Oneida@yopmail.com
850,Hannis,Terencio,Hannis.Terencio@yopmail.com
851,Glynnis,Yusuk,Glynnis.Yusuk@yopmail.com
852,Daryl,Cordi,Daryl.Cordi@yopmail.com
853,Jean,Ogren,Jean.Ogren@yopmail.com
854,Addia,Halla,Addia.Halla@yopmail.com
855,Katleen,Lewes,Katleen.Lewes@yopmail.com
856,Cordi,Madox,Cordi.Madox@yopmail.com
857,Anica,Rurik,Anica.Rurik@yopmail.com
858,Candi,Shaver,Candi.Shaver@yopmail.com
859,Jerry,Pattin,Jerry.Pattin@yopmail.com
860,Nadine,Llovera,Nadine.Llovera@yopmail.com
861,Anallese,Knowling,Anallese.Knowling@yopmail.com
862,Elbertina,Tice,Elbertina.Tice@yopmail.com
863,Bobbi,Jaylene,Bobbi.Jaylene@yopmail.com
864,Rhoda,Latini,Rhoda.Latini@yopmail.com
865,Minda,Haymes,Minda.Haymes@yopmail.com
866,Margalo,Lucienne,Margalo.Lucienne@yopmail.com
867,Daune,Isacco,Daune.Isacco@yopmail.com
868,Demetris,Ade,Demetris.Ade@yopmail.com
869,Goldie,Dudley,Goldie.Dudley@yopmail.com
870,Talya,Jacqui,Talya.Jacqui@yopmail.com
871,Asia,Gherardo,Asia.Gherardo@yopmail.com
872,Oona,Kaja,Oona.Kaja@yopmail.com
873,Barbi,Lindemann,Barbi.Lindemann@yopmail.com
874,Nanete,Alabaster,Nanete.Alabaster@yopmail.com
875,Gilligan,Rolf,Gilligan.Rolf@yopmail.com
876,Madelle,Camden,Madelle.Camden@yopmail.com
877,Collen,Daniele,Collen.Daniele@yopmail.com
878,Sallie,Dielu,Sallie.Dielu@yopmail.com
879,Deedee,Corilla,Deedee.Corilla@yopmail.com
880,Mallory,Pulsifer,Mallory.Pulsifer@yopmail.com
881,Gwenneth,Kylander,Gwenneth.Kylander@yopmail.com
882,Emmey,Maxi,Emmey.Maxi@yopmail.com
883,Carlie,Bettine,Carlie.Bettine@yopmail.com
884,Cathyleen,Sigfrid,Cathyleen.Sigfrid@yopmail.com
885,Fred,Graig,Fred.Graig@yopmail.com
886,Verla,Ursulette,Verla.Ursulette@yopmail.com
887,Patricia,Ventre,Patricia.Ventre@yopmail.com
888,Tiffie,Ochs,Tiffie.Ochs@yopmail.com
889,Merci,Laurianne,Merci.Laurianne@yopmail.com
890,Brena,Obed,Brena.Obed@yopmail.com
891,Zsa Zsa,Nikaniki,Zsa Zsa.Nikaniki@yopmail.com
892,Trixi,Skurnik,Trixi.Skurnik@yopmail.com
893,Nannie,Gino,Nannie.Gino@yopmail.com
894,Marsiella,Pitt,Marsiella.Pitt@yopmail.com
895,Misha,Bonilla,Misha.Bonilla@yopmail.com
896,Elise,Ulphia,Elise.Ulphia@yopmail.com
897,Norine,Elbertina,Norine.Elbertina@yopmail.com
898,Hermione,Weide,Hermione.Weide@yopmail.com
899,Mureil,Oriana,Mureil.Oriana@yopmail.com
900,Charlena,Breed,Charlena.Breed@yopmail.com
901,Andree,Koziara,Andree.Koziara@yopmail.com
902,Mara,Shuler,Mara.Shuler@yopmail.com
903,Amii,Lail,Amii.Lail@yopmail.com
904,Robbi,Reneta,Robbi.Reneta@yopmail.com
905,Odessa,Rillings,Odessa.Rillings@yopmail.com
906,Elie,Brackely,Elie.Brackely@yopmail.com
907,Briney,Hertzfeld,Briney.Hertzfeld@yopmail.com
908,Teddie,Cristi,Teddie.Cristi@yopmail.com
909,Heida,Sisile,Heida.Sisile@yopmail.com
910,Mellicent,Slifka,Mellicent.Slifka@yopmail.com
911,Hettie,Ursulette,Hettie.Ursulette@yopmail.com
912,Jessamyn,Friede,Jessamyn.Friede@yopmail.com
913,Sandie,Saint,Sandie.Saint@yopmail.com
914,Margette,Tamsky,Margette.Tamsky@yopmail.com
915,Lizzie,Jammal,Lizzie.Jammal@yopmail.com
916,Deloria,Cutlerr,Deloria.Cutlerr@yopmail.com
917,Miquela,Timon,Miquela.Timon@yopmail.com
918,Sybille,McLaughlin,Sybille.McLaughlin@yopmail.com
919,Marti,Jarib,Marti.Jarib@yopmail.com
920,Jinny,Naashom,Jinny.Naashom@yopmail.com
921,Stacey,Jaylene,Stacey.Jaylene@yopmail.com
922,Dari,Agle,Dari.Agle@yopmail.com
923,Mellicent,Virgin,Mellicent.Virgin@yopmail.com
924,Willetta,Belldas,Willetta.Belldas@yopmail.com
925,Morganica,Haerr,Morganica.Haerr@yopmail.com
926,Justinn,Krystle,Justinn.Krystle@yopmail.com
927,Berget,Hirsch,Berget.Hirsch@yopmail.com
928,Mariann,Hedve,Mariann.Hedve@yopmail.com
929,Gretal,Bonilla,Gretal.Bonilla@yopmail.com
930,Lelah,Toni,Lelah.Toni@yopmail.com
931,Beth,Audly,Beth.Audly@yopmail.com
932,Glenda,Damarra,Glenda.Damarra@yopmail.com
933,Halette,Jillane,Halette.Jillane@yopmail.com
934,Margarette,Dorothy,Margarette.Dorothy@yopmail.com
935,Jorry,Ax,Jorry.Ax@yopmail.com
936,Britni,Eliathas,Britni.Eliathas@yopmail.com
937,Yetty,Sherfield,Yetty.Sherfield@yopmail.com
938,Dulcinea,Hebner,Dulcinea.Hebner@yopmail.com
939,Bobbi,Ambrosia,Bobbi.Ambrosia@yopmail.com
940,Belinda,Anis,Belinda.Anis@yopmail.com
941,Dianemarie,Cath,Dianemarie.Cath@yopmail.com
942,Alejandra,Cornelia,Alejandra.Cornelia@yopmail.com
943,Annabela,Gabrielli,Annabela.Gabrielli@yopmail.com
944,Sharlene,Gordon,Sharlene.Gordon@yopmail.com
945,Doro,Johnsson,Doro.Johnsson@yopmail.com
946,Marika,Etom,Marika.Etom@yopmail.com
947,Carolina,Carbo,Carolina.Carbo@yopmail.com
948,Feliza,Moina,Feliza.Moina@yopmail.com
949,Aeriela,Connelly,Aeriela.Connelly@yopmail.com
950,Mariann,Holtz,Mariann.Holtz@yopmail.com
951,Robbi,Bakerman,Robbi.Bakerman@yopmail.com
952,Taffy,Rese,Taffy.Rese@yopmail.com
953,Nelle,Prouty,Nelle.Prouty@yopmail.com
954,Leanna,Madelene,Leanna.Madelene@yopmail.com
955,Imojean,Hashim,Imojean.Hashim@yopmail.com
956,Janis,Marcellus,Janis.Marcellus@yopmail.com
957,Mildrid,Bakerman,Mildrid.Bakerman@yopmail.com
958,Kylynn,Thomasina,Kylynn.Thomasina@yopmail.com
959,Rosaline,Nicoline,Rosaline.Nicoline@yopmail.com
960,Maye,Kannry,Maye.Kannry@yopmail.com
961,Althea,Hunfredo,Althea.Hunfredo@yopmail.com
962,Merci,Clara,Merci.Clara@yopmail.com
963,Krystle,Ashok,Krystle.Ashok@yopmail.com
964,Adele,Hanshaw,Adele.Hanshaw@yopmail.com
965,Nariko,Wattenberg,Nariko.Wattenberg@yopmail.com
966,Bill,Mich,Bill.Mich@yopmail.com
967,Lindie,Daniele,Lindie.Daniele@yopmail.com
968,Reeba,Romelda,Reeba.Romelda@yopmail.com
969,Inga,Camden,Inga.Camden@yopmail.com
970,Angelique,Auberbach,Angelique.Auberbach@yopmail.com
971,Marylou,Seessel,Marylou.Seessel@yopmail.com
972,Lucy,Leary,Lucy.Leary@yopmail.com
973,Tressa,Jena,Tressa.Jena@yopmail.com
974,Dorthy,Roscoe,Dorthy.Roscoe@yopmail.com
975,Amara,Aloise,Amara.Aloise@yopmail.com
976,Cordi,Dielu,Cordi.Dielu@yopmail.com
977,Kaja,Bach,Kaja.Bach@yopmail.com
978,Tatiania,Carri,Tatiania.Carri@yopmail.com
979,Mireielle,Koziara,Mireielle.Koziara@yopmail.com
980,Dode,Chinua,Dode.Chinua@yopmail.com
981,Kristan,Ortrude,Kristan.Ortrude@yopmail.com
982,Rebeca,Lynn,Rebeca.Lynn@yopmail.com
983,Belva,Levey,Belva.Levey@yopmail.com
984,Raina,Delp,Raina.Delp@yopmail.com
985,Tabbatha,Peti,Tabbatha.Peti@yopmail.com
986,Viviene,Autrey,Viviene.Autrey@yopmail.com
987,Rhoda,Glenden,Rhoda.Glenden@yopmail.com
988,Aaren,Rustice,Aaren.Rustice@yopmail.com
989,Keelia,Alva,Keelia.Alva@yopmail.com
990,Rubie,Buttaro,Rubie.Buttaro@yopmail.com
991,Nyssa,Esmaria,Nyssa.Esmaria@yopmail.com
992,Reeba,Fulmer,Reeba.Fulmer@yopmail.com
993,Cassondra,Audly,Cassondra.Audly@yopmail.com
994,Lily,Cherianne,Lily.Cherianne@yopmail.com
995,Elfreda,Klotz,Elfreda.Klotz@yopmail.com
996,Petronia,Seagraves,Petronia.Seagraves@yopmail.com
997,Cissiee,Kare,Cissiee.Kare@yopmail.com
998,Jemie,Baudin,Jemie.Baudin@yopmail.com
999,Alexine,Ophelia,Alexine.Ophelia@yopmail.com
1000,Binny,Frodi,Binny.Frodi@yopmail.com
1001,Harrietta,Maisey,Harrietta.Maisey@yopmail.com
1002,Anallese,Halla,Anallese.Halla@yopmail.com
1003,Roberta,Schalles,Roberta.Schalles@yopmail.com
1004,Ann-Marie,Maurine,Ann-Marie.Maurine@yopmail.com
1005,Susan,Adore,Susan.Adore@yopmail.com
1006,Gavrielle,Kellby,Gavrielle.Kellby@yopmail.com
1007,Linet,Kirstin,Linet.Kirstin@yopmail.com
1008,Orsola,Torray,Orsola.Torray@yopmail.com
1009,Verla,Gualtiero,Verla.Gualtiero@yopmail.com
1010,Vita,Couture,Vita.Couture@yopmail.com
1011,Christal,Goth,Christal.Goth@yopmail.com
1012,Stevana,Henebry,Stevana.Henebry@yopmail.com
1013,Ericka,Melan,Ericka.Melan@yopmail.com
1014,Edyth,Argus,Edyth.Argus@yopmail.com
1015,Kassey,Amasa,Kassey.Amasa@yopmail.com
1016,Doro,Tybald,Doro.Tybald@yopmail.com
1017,Eve,Ochs,Eve.Ochs@yopmail.com
1018,Tani,Greenwald,Tani.Greenwald@yopmail.com
1019,Sonni,Regan,Sonni.Regan@yopmail.com
1020,Bernardine,Bates,Bernardine.Bates@yopmail.com
1021,Keelia,Olin,Keelia.Olin@yopmail.com
1022,Bettine,Lorenz,Bettine.Lorenz@yopmail.com
1023,Sam,Cookie,Sam.Cookie@yopmail.com
1024,Meriel,Loring,Meriel.Loring@yopmail.com
1025,Adele,Japeth,Adele.Japeth@yopmail.com
1026,Sashenka,Even,Sashenka.Even@yopmail.com
1027,Mellicent,Shama,Mellicent.Shama@yopmail.com
1028,Sue,Medrek,Sue.Medrek@yopmail.com
1029,Karolina,Roche,Karolina.Roche@yopmail.com
1030,Leanna,Elbertina,Leanna.Elbertina@yopmail.com
1031,Inga,Hourigan,Inga.Hourigan@yopmail.com
1032,Cassondra,Olympium,Cassondra.Olympium@yopmail.com
1033,Farrah,Linehan,Farrah.Linehan@yopmail.com
1034,Ingrid,McLaughlin,Ingrid.McLaughlin@yopmail.com
1035,Jere,Sabella,Jere.Sabella@yopmail.com
1036,Agnese,Manolo,Agnese.Manolo@yopmail.com
1037,Brena,Cassius,Brena.Cassius@yopmail.com
1038,Hildegaard,Maurine,Hildegaard.Maurine@yopmail.com
1039,Lanae,Havens,Lanae.Havens@yopmail.com
1040,Bettine,Gusella,Bettine.Gusella@yopmail.com
1041,Britte,Helfand,Britte.Helfand@yopmail.com
1042,Lonnie,Auberbach,Lonnie.Auberbach@yopmail.com
1043,Shell,Ortrude,Shell.Ortrude@yopmail.com
1044,Dari,Hermes,Dari.Hermes@yopmail.com
1045,Dione,Rustice,Dione.Rustice@yopmail.com
1046,Wynne,Zrike,Wynne.Zrike@yopmail.com
1047,Beatriz,Hylan,Beatriz.Hylan@yopmail.com
1048,Lory,Dash,Lory.Dash@yopmail.com
1049,Thalia,Glenden,Thalia.Glenden@yopmail.com
1050,Lorie,Dielu,Lorie.Dielu@yopmail.com
1051,Cissiee,Lytton,Cissiee.Lytton@yopmail.com
1052,Ruthe,Garbe,Ruthe.Garbe@yopmail.com
1053,Elka,Huggins,Elka.Huggins@yopmail.com
1054,Steffane,Bigner,Steffane.Bigner@yopmail.com
1055,Jere,Therine,Jere.Therine@yopmail.com
1056,Consuela,Heisel,Consuela.Heisel@yopmail.com
1057,Augustine,Francyne,Augustine.Francyne@yopmail.com
1058,Clo,Cherianne,Clo.Cherianne@yopmail.com
1059,Kelly,Kaete,Kelly.Kaete@yopmail.com
1060,Silvana,Sophronia,Silvana.Sophronia@yopmail.com
1061,Cam,Beebe,Cam.Beebe@yopmail.com
1062,Merle,Charity,Merle.Charity@yopmail.com
1063,Amelia,Durware,Amelia.Durware@yopmail.com
1064,Roseline,Anton,Roseline.Anton@yopmail.com
1065,Tonia,Shields,Tonia.Shields@yopmail.com
1066,Bertine,Bultman,Bertine.Bultman@yopmail.com
1067,Ira,Helve,Ira.Helve@yopmail.com
1068,Minda,MacIntosh,Minda.MacIntosh@yopmail.com
1069,Cyb,Ivens,Cyb.Ivens@yopmail.com
1070,Sheelagh,Ezar,Sheelagh.Ezar@yopmail.com
1071,Evita,Stacy,Evita.Stacy@yopmail.com
1072,Angela,Bearnard,Angela.Bearnard@yopmail.com
1073,Leontine,Dominy,Leontine.Dominy@yopmail.com
1074,Rosene,Oriana,Rosene.Oriana@yopmail.com
1075,Carree,Bach,Carree.Bach@yopmail.com
1076,Aryn,Arvo,Aryn.Arvo@yopmail.com
1077,Winifred,Tice,Winifred.Tice@yopmail.com
1078,Helsa,Gunn,Helsa.Gunn@yopmail.com
1079,Emilia,Rad,Emilia.Rad@yopmail.com
1080,Chandra,Brodench,Chandra.Brodench@yopmail.com
1081,Corly,Artie,Corly.Artie@yopmail.com
1082,Amara,Beebe,Amara.Beebe@yopmail.com
1083,Perry,Dudley,Perry.Dudley@yopmail.com
1084,Sallie,Yorick,Sallie.Yorick@yopmail.com
1085,Dacia,Saree,Dacia.Saree@yopmail.com
1086,Vanessa,Kendrick,Vanessa.Kendrick@yopmail.com
1087,Johna,Terencio,Johna.Terencio@yopmail.com
1088,Nessie,Agle,Nessie.Agle@yopmail.com
1089,Anica,Pierette,Anica.Pierette@yopmail.com
1090,Angela,Claudine,Angela.Claudine@yopmail.com
1091,Roxane,Margarete,Roxane.Margarete@yopmail.com
1092,Brietta,Stanwood,Brietta.Stanwood@yopmail.com
1093,Dari,Soneson,Dari.Soneson@yopmail.com
1094,Gui,Turne,Gui.Turne@yopmail.com
1095,Robbi,Berl,Robbi.Berl@yopmail.com
1096,Josephine,Morrill,Josephine.Morrill@yopmail.com
1097,Jaclyn,Tarrant,Jaclyn.Tarrant@yopmail.com
1098,Margarette,McCutcheon,Margarette.McCutcheon@yopmail.com
1099,Nariko,Adlare,Nariko.Adlare@yopmail.com
1100,Noelle,Grayce,Noelle.Grayce@yopmail.com
